candidate,op,tier,a,b,result,operand_digit_tier_a,operand_digit_tier_b,result_digit_tier,active_columns,carry_count,borrow_count,borrow_chain_length,operand_closeness,c_over_d_ratio
C12,sub,3,782,135,647,3,3,3,3,,1,1,0.1726,4.7926
C12,add,3,563,869,1432,3,3,4,3,3,,,0.6479,0.6479
C12,add,3,688,807,1495,3,3,4,3,2,,,0.8525,0.8525
C12,sub,2,68,36,32,2,2,2,2,,0,0,0.5294,0.8889
C12,add,3,667,373,1040,3,3,4,3,3,,,0.5592,1.7882
C12,add,3,811,625,1436,3,3,4,3,1,,,0.7707,1.2976
C12,sub,2,81,20,61,2,2,2,2,,0,0,0.2469,3.05
C12,add,3,327,823,1150,3,3,4,3,2,,,0.3973,0.3973
C12,sub,3,944,879,65,3,3,2,3,,2,2,0.9311,0.0739
C12,sub,3,537,510,27,3,3,2,3,,0,0,0.9497,0.0529
C12,sub,4,9098,4443,4655,4,4,4,4,,1,1,0.4883,1.0477
C12,add,3,848,234,1082,3,3,4,3,2,,,0.2759,3.6239
C12,add,4,3784,1486,5270,4,4,4,4,3,,,0.3927,2.5464
C12,add,3,722,180,902,3,3,3,3,1,,,0.2493,4.0111
C12,sub,3,479,357,122,3,3,3,3,,0,0,0.7453,0.3417
C12,add,4,5195,2062,7257,4,4,4,4,1,,,0.3969,2.5194
C12,sub,4,3228,2888,340,4,4,3,4,,2,2,0.8947,0.1177
C12,add,3,967,956,1923,3,3,4,3,3,,,0.9886,1.0115
C12,sub,3,599,254,345,3,3,3,3,,0,0,0.424,1.3583
C12,sub,4,9627,4718,4909,4,4,4,4,,2,2,0.4901,1.0405
C12,add,2,88,85,173,2,2,3,2,2,,,0.9659,1.0353
C12,add,4,5034,4269,9303,4,4,4,4,2,,,0.848,1.1792
C12,add,3,261,256,517,3,3,3,3,1,,,0.9808,1.0195
C12,add,4,1119,6046,7165,4,4,4,4,1,,,0.1851,0.1851
C12,add,2,37,74,111,2,2,3,2,2,,,0.5,0.5
C12,sub,3,154,130,24,3,3,2,3,,0,0,0.8442,0.1846
C12,add,4,3568,3013,6581,4,4,4,4,1,,,0.8445,1.1842
C12,add,3,772,141,913,3,3,3,3,1,,,0.1826,5.4752
C12,sub,3,751,488,263,3,3,3,3,,2,2,0.6498,0.5389
C12,sub,3,339,149,190,3,3,3,3,,1,1,0.4395,1.2752
C12,add,3,760,589,1349,3,3,4,3,2,,,0.775,1.2903
C12,add,3,165,225,390,3,3,3,3,1,,,0.7333,0.7333
C12,add,2,24,29,53,2,2,2,2,1,,,0.8276,0.8276
C12,sub,4,4921,1475,3446,4,4,4,4,,2,2,0.2997,2.3363
C12,add,2,11,14,25,2,2,2,2,0,,,0.7857,0.7857
C12,add,2,28,53,81,2,2,2,2,1,,,0.5283,0.5283
C12,sub,4,8573,2483,6090,4,4,4,4,,1,1,0.2896,2.4527
C12,sub,3,765,594,171,3,3,3,3,,1,1,0.7765,0.2879
C12,add,4,5334,1661,6995,4,4,4,4,0,,,0.3114,3.2113
C12,sub,4,9041,2449,6592,4,4,4,4,,3,3,0.2709,2.6917
C12,add,4,7131,1808,8939,4,4,4,4,0,,,0.2535,3.9441
C12,add,3,614,346,960,3,3,3,3,1,,,0.5635,1.7746
C12,sub,3,661,559,102,3,3,3,3,,1,1,0.8457,0.1825
C12,sub,4,9651,8990,661,4,4,3,4,,2,2,0.9315,0.0735
C12,add,2,90,45,135,2,2,3,2,1,,,0.5,2.0
C12,add,3,423,807,1230,3,3,4,3,2,,,0.5242,0.5242
C12,sub,2,89,59,30,2,2,2,2,,0,0,0.6629,0.5085
C12,sub,2,45,29,16,2,2,2,2,,1,1,0.6444,0.5517
C12,sub,4,7080,2095,4985,4,4,4,4,,3,3,0.2959,2.3795
C12,add,2,54,84,138,2,2,3,2,1,,,0.6429,0.6429
C12,add,3,646,823,1469,3,3,4,3,1,,,0.7849,0.7849
C12,sub,4,4549,3748,801,4,4,3,4,,1,1,0.8239,0.2137
C12,sub,2,68,51,17,2,2,2,2,,0,0,0.75,0.3333
C12,sub,2,97,39,58,2,2,2,2,,1,1,0.4021,1.4872
C12,add,4,3207,5449,8656,4,4,4,4,1,,,0.5885,0.5885
C12,add,3,497,890,1387,3,3,4,3,2,,,0.5584,0.5584
C12,sub,4,9030,5074,3956,4,4,4,4,,3,3,0.5619,0.7797
C12,sub,2,43,28,15,2,2,2,2,,1,1,0.6512,0.5357
C12,sub,2,83,45,38,2,2,2,2,,1,1,0.5422,0.8444
C12,sub,2,64,48,16,2,2,2,2,,1,1,0.75,0.3333
C12,sub,4,6147,6097,50,4,4,2,4,,1,1,0.9919,0.0082
C12,sub,2,41,30,11,2,2,2,2,,0,0,0.7317,0.3667
C12,sub,3,950,502,448,3,3,3,3,,1,1,0.5284,0.8924
C12,add,2,13,29,42,2,2,2,2,1,,,0.4483,0.4483
C12,sub,3,951,630,321,3,3,3,3,,0,0,0.6625,0.5095
C12,sub,4,9283,2999,6284,4,4,4,4,,3,3,0.3231,2.0954
C12,add,3,513,245,758,3,3,3,3,0,,,0.4776,2.0939
C12,sub,4,1781,1574,207,4,4,3,4,,1,1,0.8838,0.1315
C12,add,3,116,209,325,3,3,3,3,1,,,0.555,0.555
C12,sub,3,752,618,134,3,3,3,3,,1,1,0.8218,0.2168
C12,sub,4,8301,3814,4487,4,4,4,4,,3,3,0.4595,1.1765
C12,add,2,31,36,67,2,2,2,2,0,,,0.8611,0.8611
C12,sub,2,72,10,62,2,2,2,2,,0,0,0.1389,6.2
C12,add,3,356,390,746,3,3,3,3,1,,,0.9128,0.9128
C12,sub,4,9024,4601,4423,4,4,4,4,,1,1,0.5099,0.9613
C12,add,2,57,92,149,2,2,3,2,1,,,0.6196,0.6196
C12,add,4,5573,1328,6901,4,4,4,4,2,,,0.2383,4.1965
C12,add,3,305,428,733,3,3,3,3,1,,,0.7126,0.7126
C12,add,4,5679,2859,8538,4,4,4,4,3,,,0.5034,1.9864
C12,sub,2,48,24,24,2,2,2,2,,0,0,0.5,1.0
C12,add,3,863,183,1046,3,3,4,3,2,,,0.2121,4.7158
C12,sub,3,208,113,95,3,3,2,3,,1,1,0.5433,0.8407
C12,sub,2,89,11,78,2,2,2,2,,0,0,0.1236,7.0909
C12,add,4,1250,2282,3532,4,4,4,4,1,,,0.5478,0.5478
C12,sub,4,7691,4843,2848,4,4,4,4,,2,2,0.6297,0.5881
C12,add,4,4399,1886,6285,4,4,4,4,3,,,0.4287,2.3324
C12,sub,2,98,30,68,2,2,2,2,,0,0,0.3061,2.2667
C12,sub,3,972,146,826,3,3,3,3,,1,1,0.1502,5.6575
C12,sub,2,76,31,45,2,2,2,2,,0,0,0.4079,1.4516
C12,add,2,23,58,81,2,2,2,2,1,,,0.3966,0.3966
C12,sub,4,5756,4242,1514,4,4,4,4,,0,0,0.737,0.3569
C12,add,2,48,19,67,2,2,2,2,1,,,0.3958,2.5263
C12,add,3,278,446,724,3,3,3,3,2,,,0.6233,0.6233
C12,sub,3,886,538,348,3,3,3,3,,1,1,0.6072,0.6468
C12,sub,4,8850,3755,5095,4,4,4,4,,2,2,0.4243,1.3569
C12,sub,3,408,189,219,3,3,3,3,,2,2,0.4632,1.1587
C12,add,3,603,633,1236,3,3,4,3,1,,,0.9526,0.9526
C12,add,2,58,21,79,2,2,2,2,0,,,0.3621,2.7619
C12,add,3,446,873,1319,3,3,4,3,2,,,0.5109,0.5109
C12,add,4,5206,4359,9565,4,4,4,4,1,,,0.8373,1.1943
C12,add,3,420,871,1291,3,3,4,3,1,,,0.4822,0.4822
C12,add,2,87,10,97,2,2,2,2,0,,,0.1149,8.7
C12,add,2,16,23,39,2,2,2,2,0,,,0.6957,0.6957
C12,sub,4,5387,1315,4072,4,4,4,4,,0,0,0.2441,3.0966
C12,add,3,192,604,796,3,3,3,3,0,,,0.3179,0.3179
C12,sub,4,7639,2537,5102,4,4,4,4,,0,0,0.3321,2.011
C12,add,4,1788,1847,3635,4,4,4,4,3,,,0.9681,0.9681
C12,add,3,613,935,1548,3,3,4,3,1,,,0.6556,0.6556
C12,add,2,49,20,69,2,2,2,2,0,,,0.4082,2.45
C12,add,2,33,43,76,2,2,2,2,0,,,0.7674,0.7674
C12,sub,3,803,152,651,3,3,3,3,,1,1,0.1893,4.2829
C12,add,3,657,744,1401,3,3,4,3,3,,,0.8831,0.8831
C12,add,2,53,87,140,2,2,3,2,2,,,0.6092,0.6092
C12,sub,4,9531,7621,1910,4,4,4,4,,1,1,0.7996,0.2506
C12,sub,4,8078,3299,4779,4,4,4,4,,3,3,0.4084,1.4486
C12,sub,2,70,41,29,2,2,2,2,,1,1,0.5857,0.7073
C12,sub,4,5508,3939,1569,4,4,4,4,,3,3,0.7151,0.3983
C12,sub,2,87,54,33,2,2,2,2,,0,0,0.6207,0.6111
C12,sub,3,334,314,20,3,3,2,3,,0,0,0.9401,0.0637
C12,add,2,84,10,94,2,2,2,2,0,,,0.119,8.4
C12,sub,4,4788,3712,1076,4,4,4,4,,0,0,0.7753,0.2899
C12,sub,4,9481,2112,7369,4,4,4,4,,1,1,0.2228,3.4891
C12,sub,4,8350,6752,1598,4,4,4,4,,3,3,0.8086,0.2367
C12,add,3,725,349,1074,3,3,4,3,2,,,0.4814,2.0774
C12,sub,3,935,765,170,3,3,3,3,,1,1,0.8182,0.2222
C12,sub,3,984,496,488,3,3,3,3,,2,2,0.5041,0.9839
C12,add,2,42,39,81,2,2,2,2,1,,,0.9286,1.0769
C12,add,2,33,33,66,2,2,2,2,0,,,1.0,1.0
C12,add,2,81,43,124,2,2,3,2,1,,,0.5309,1.8837
C12,sub,3,591,284,307,3,3,3,3,,1,1,0.4805,1.081
C12,sub,2,60,49,11,2,2,2,2,,1,1,0.8167,0.2245
C12,sub,4,8577,4053,4524,4,4,4,4,,0,0,0.4725,1.1162
C12,sub,3,950,203,747,3,3,3,3,,1,1,0.2137,3.6798
C12,add,2,56,81,137,2,2,3,2,1,,,0.6914,0.6914
C12,sub,3,895,599,296,3,3,3,3,,2,2,0.6693,0.4942
C12,add,2,87,20,107,2,2,3,2,1,,,0.2299,4.35
C12,add,2,41,93,134,2,2,3,2,1,,,0.4409,0.4409
C12,sub,4,9265,2173,7092,4,4,4,4,,1,1,0.2345,3.2637
C12,add,4,1292,1218,2510,4,4,4,4,2,,,0.9427,1.0608
C12,sub,3,468,418,50,3,3,2,3,,0,0,0.8932,0.1196
C12,add,3,309,795,1104,3,3,4,3,3,,,0.3887,0.3887
C12,add,3,546,676,1222,3,3,4,3,3,,,0.8077,0.8077
C12,sub,2,88,78,10,2,2,2,2,,0,0,0.8864,0.1282
C12,sub,4,7909,7678,231,4,4,3,4,,1,1,0.9708,0.0301
C12,add,4,1960,5063,7023,4,4,4,4,2,,,0.3871,0.3871
C12,sub,4,7215,3342,3873,4,4,4,4,,2,2,0.4632,1.1589
C12,add,2,32,34,66,2,2,2,2,0,,,0.9412,0.9412
C12,sub,3,916,334,582,3,3,3,3,,1,1,0.3646,1.7425
C12,sub,4,8507,4903,3604,4,4,4,4,,1,1,0.5763,0.7351
C12,sub,3,540,345,195,3,3,3,3,,2,2,0.6389,0.5652
C12,sub,4,7139,6762,377,4,4,3,4,,2,2,0.9472,0.0558
C12,add,3,537,548,1085,3,3,4,3,2,,,0.9799,0.9799
C12,sub,4,7138,4916,2222,4,4,4,4,,1,1,0.6887,0.452
C12,add,4,2106,1253,3359,4,4,4,4,0,,,0.595,1.6808
C12,sub,3,701,461,240,3,3,3,3,,1,1,0.6576,0.5206
C12,add,4,3217,6479,9696,4,4,4,4,1,,,0.4965,0.4965
C12,sub,4,4707,4622,85,4,4,2,4,,1,1,0.9819,0.0184
C12,add,3,182,901,1083,3,3,4,3,1,,,0.202,0.202
C12,sub,3,956,843,113,3,3,3,3,,0,0,0.8818,0.134
C12,sub,2,77,57,20,2,2,2,2,,0,0,0.7403,0.3509
C12,add,3,995,885,1880,3,3,4,3,3,,,0.8894,1.1243
C12,add,4,1331,8666,9997,4,4,4,4,0,,,0.1536,0.1536
C12,add,3,722,198,920,3,3,3,3,2,,,0.2742,3.6465
C12,add,3,783,158,941,3,3,3,3,2,,,0.2018,4.9557
C12,sub,2,82,17,65,2,2,2,2,,1,1,0.2073,3.8235
C12,sub,3,521,419,102,3,3,3,3,,1,1,0.8042,0.2434
C12,add,2,35,29,64,2,2,2,2,1,,,0.8286,1.2069
C12,sub,2,93,11,82,2,2,2,2,,0,0,0.1183,7.4545
C12,add,2,90,49,139,2,2,3,2,1,,,0.5444,1.8367
C12,sub,4,5496,1237,4259,4,4,4,4,,1,1,0.2251,3.443
C12,sub,3,787,670,117,3,3,3,3,,0,0,0.8513,0.1746
C12,sub,2,65,42,23,2,2,2,2,,0,0,0.6462,0.5476
C12,add,3,456,466,922,3,3,3,3,2,,,0.9785,0.9785
C12,add,2,81,90,171,2,2,3,2,1,,,0.9,0.9
C12,sub,3,745,187,558,3,3,3,3,,2,2,0.251,2.984
C12,add,3,101,366,467,3,3,3,3,0,,,0.276,0.276
C12,add,2,29,15,44,2,2,2,2,1,,,0.5172,1.9333
C12,add,4,4508,3799,8307,4,4,4,4,3,,,0.8427,1.1866
C12,add,2,77,54,131,2,2,3,2,2,,,0.7013,1.4259
C12,sub,2,48,11,37,2,2,2,2,,0,0,0.2292,3.3636
C12,add,4,1532,4011,5543,4,4,4,4,0,,,0.3819,0.3819
C12,sub,3,146,106,40,3,3,2,3,,0,0,0.726,0.3774
C12,add,4,3812,5663,9475,4,4,4,4,1,,,0.6731,0.6731
C12,sub,3,974,477,497,3,3,3,3,,2,2,0.4897,1.0419
C12,add,2,50,65,115,2,2,3,2,1,,,0.7692,0.7692
C12,add,2,67,62,129,2,2,3,2,1,,,0.9254,1.0806
C12,add,2,44,74,118,2,2,3,2,1,,,0.5946,0.5946
C12,sub,3,767,232,535,3,3,3,3,,0,0,0.3025,2.306
C12,sub,4,5000,1542,3458,4,4,4,4,,3,3,0.3084,2.2425
C12,sub,4,9029,3156,5873,4,4,4,4,,2,2,0.3495,1.8609
C12,add,3,826,823,1649,3,3,4,3,1,,,0.9964,1.0036
C12,add,2,84,45,129,2,2,3,2,1,,,0.5357,1.8667
C12,sub,2,99,67,32,2,2,2,2,,0,0,0.6768,0.4776
C12,add,2,93,28,121,2,2,3,2,2,,,0.3011,3.3214
C12,sub,4,5758,3683,2075,4,4,4,4,,1,1,0.6396,0.5634
C12,sub,3,998,139,859,3,3,3,3,,1,1,0.1393,6.1799
C12,add,3,675,393,1068,3,3,4,3,2,,,0.5822,1.7176
C12,sub,4,7030,6063,967,4,4,3,4,,3,3,0.8624,0.1595
C12,add,3,355,698,1053,3,3,4,3,3,,,0.5086,0.5086
C12,sub,2,43,31,12,2,2,2,2,,0,0,0.7209,0.3871
C12,sub,4,6643,4374,2269,4,4,4,4,,2,2,0.6584,0.5187
C12,sub,4,9825,8791,1034,4,4,4,4,,1,1,0.8948,0.1176
C12,add,4,3994,3790,7784,4,4,4,4,2,,,0.9489,1.0538
C12,add,3,724,142,866,3,3,3,3,0,,,0.1961,5.0986
C12,sub,2,94,47,47,2,2,2,2,,1,1,0.5,1.0
C12,sub,3,960,642,318,3,3,3,3,,1,1,0.6687,0.4953
C12,add,3,729,915,1644,3,3,4,3,2,,,0.7967,0.7967
C12,sub,3,399,315,84,3,3,2,3,,0,0,0.7895,0.2667
C12,sub,4,8641,5477,3164,4,4,4,4,,2,2,0.6338,0.5777
C12,add,2,98,76,174,2,2,3,2,2,,,0.7755,1.2895
C12,sub,4,8840,4003,4837,4,4,4,4,,1,1,0.4528,1.2083
C12,add,3,853,579,1432,3,3,4,3,3,,,0.6788,1.4732
C12,add,3,323,685,1008,3,3,4,3,2,,,0.4715,0.4715
C12,sub,2,83,27,56,2,2,2,2,,1,1,0.3253,2.0741
C12,sub,3,638,306,332,3,3,3,3,,0,0,0.4796,1.085
C12,sub,3,423,290,133,3,3,3,3,,1,1,0.6856,0.4586
C12,sub,3,708,271,437,3,3,3,3,,1,1,0.3828,1.6125
C12,sub,4,4551,2027,2524,4,4,4,4,,1,1,0.4454,1.2452
C12,add,2,51,15,66,2,2,2,2,0,,,0.2941,3.4
C12,sub,3,585,215,370,3,3,3,3,,0,0,0.3675,1.7209
C12,add,2,38,96,134,2,2,3,2,2,,,0.3958,0.3958
C12,add,3,299,612,911,3,3,3,3,2,,,0.4886,0.4886
C12,add,4,3368,6093,9461,4,4,4,4,2,,,0.5528,0.5528
C12,sub,3,627,297,330,3,3,3,3,,1,1,0.4737,1.1111
C12,sub,3,951,812,139,3,3,3,3,,1,1,0.8538,0.1712
C12,sub,4,9506,4145,5361,4,4,4,4,,1,1,0.436,1.2934
C12,add,3,928,574,1502,3,3,4,3,3,,,0.6185,1.6167
C12,add,3,121,997,1118,3,3,4,3,2,,,0.1214,0.1214
C12,add,3,420,228,648,3,3,3,3,0,,,0.5429,1.8421
C12,add,3,903,580,1483,3,3,4,3,1,,,0.6423,1.5569
C12,sub,4,9978,5521,4457,4,4,4,4,,0,0,0.5533,0.8073
C12,sub,4,6768,5991,777,4,4,3,4,,2,2,0.8852,0.1297
C12,sub,3,774,151,623,3,3,3,3,,0,0,0.1951,4.1258
C12,add,3,741,151,892,3,3,3,3,0,,,0.2038,4.9073
C12,sub,2,98,65,33,2,2,2,2,,0,0,0.6633,0.5077
C12,add,4,8164,1020,9184,4,4,4,4,0,,,0.1249,8.0039
C12,sub,3,449,389,60,3,3,2,3,,1,1,0.8664,0.1542
C12,sub,3,383,155,228,3,3,3,3,,1,1,0.4047,1.471
C12,sub,2,25,13,12,2,2,2,2,,0,0,0.52,0.9231
C12,add,2,78,52,130,2,2,3,2,2,,,0.6667,1.5
C12,add,2,55,54,109,2,2,3,2,1,,,0.9818,1.0185
C12,add,4,3215,6515,9730,4,4,4,4,1,,,0.4935,0.4935
C12,sub,3,221,119,102,3,3,3,3,,1,1,0.5385,0.8571
C12,add,2,94,11,105,2,2,3,2,1,,,0.117,8.5455
C12,sub,3,542,396,146,3,3,3,3,,2,2,0.7306,0.3687
C12,add,3,633,214,847,3,3,3,3,0,,,0.3381,2.9579
C12,sub,4,6018,2904,3114,4,4,4,4,,1,1,0.4826,1.0723
C12,sub,4,6584,5724,860,4,4,3,4,,1,1,0.8694,0.1502
C12,sub,2,22,11,11,2,2,2,2,,0,0,0.5,1.0
C12,add,2,10,27,37,2,2,2,2,0,,,0.3704,0.3704
C12,add,2,98,42,140,2,2,3,2,2,,,0.4286,2.3333
C12,add,2,83,15,98,2,2,2,2,0,,,0.1807,5.5333
C12,add,2,98,23,121,2,2,3,2,2,,,0.2347,4.2609
C12,add,2,26,30,56,2,2,2,2,0,,,0.8667,0.8667
C12,add,4,2662,3304,5966,4,4,4,4,0,,,0.8057,0.8057
C12,sub,3,976,559,417,3,3,3,3,,1,1,0.5727,0.746
C12,sub,2,63,44,19,2,2,2,2,,1,1,0.6984,0.4318
C12,sub,4,3787,3445,342,4,4,3,4,,0,0,0.9097,0.0993
C12,sub,4,9284,4707,4577,4,4,4,4,,2,2,0.507,0.9724
C12,sub,4,8001,4760,3241,4,4,4,4,,2,2,0.5949,0.6809
C12,add,2,82,51,133,2,2,3,2,1,,,0.622,1.6078
C12,sub,2,56,41,15,2,2,2,2,,0,0,0.7321,0.3659
C12,add,4,6082,2555,8637,4,4,4,4,1,,,0.4201,2.3804
C12,sub,3,574,345,229,3,3,3,3,,1,1,0.601,0.6638
C12,sub,2,97,44,53,2,2,2,2,,0,0,0.4536,1.2045
C12,add,2,16,28,44,2,2,2,2,1,,,0.5714,0.5714
C12,sub,4,9386,7564,1822,4,4,4,4,,1,1,0.8059,0.2409
C12,sub,2,94,41,53,2,2,2,2,,0,0,0.4362,1.2927
C12,add,4,1300,3012,4312,4,4,4,4,0,,,0.4316,0.4316
C12,sub,4,7177,3885,3292,4,4,4,4,,2,2,0.5413,0.8474
C12,sub,4,9664,8025,1639,4,4,4,4,,1,1,0.8304,0.2042
C12,sub,3,865,598,267,3,3,3,3,,2,2,0.6913,0.4465
C12,add,2,52,77,129,2,2,3,2,1,,,0.6753,0.6753
C12,sub,3,986,471,515,3,3,3,3,,0,0,0.4777,1.0934
C12,sub,3,543,209,334,3,3,3,3,,1,1,0.3849,1.5981
C12,add,3,865,515,1380,3,3,4,3,2,,,0.5954,1.6796
C12,sub,4,6748,6479,269,4,4,3,4,,2,2,0.9601,0.0415
C12,add,2,69,49,118,2,2,3,2,2,,,0.7101,1.4082
C12,sub,4,9705,8799,906,4,4,3,4,,3,3,0.9066,0.103
C12,add,3,881,485,1366,3,3,4,3,2,,,0.5505,1.8165
C12,add,2,87,39,126,2,2,3,2,2,,,0.4483,2.2308
C12,add,2,12,63,75,2,2,2,2,0,,,0.1905,0.1905
C12,sub,2,68,57,11,2,2,2,2,,0,0,0.8382,0.193
C12,sub,3,874,223,651,3,3,3,3,,0,0,0.2551,2.9193
C12,add,4,6079,2310,8389,4,4,4,4,0,,,0.38,2.6316
C12,sub,2,63,39,24,2,2,2,2,,1,1,0.619,0.6154
C12,add,3,536,332,868,3,3,3,3,0,,,0.6194,1.6145
C12,add,2,57,14,71,2,2,2,2,1,,,0.2456,4.0714
C12,add,3,559,613,1172,3,3,4,3,2,,,0.9119,0.9119
C12,sub,3,805,340,465,3,3,3,3,,1,1,0.4224,1.3676
C12,add,4,1699,6318,8017,4,4,4,4,3,,,0.2689,0.2689
C12,add,3,391,255,646,3,3,3,3,1,,,0.6522,1.5333
C12,sub,3,753,333,420,3,3,3,3,,0,0,0.4422,1.2613
C12,sub,3,872,454,418,3,3,3,3,,1,1,0.5206,0.9207
C12,sub,4,8525,5964,2561,4,4,4,4,,2,2,0.6996,0.4294
C12,sub,4,4309,3792,517,4,4,3,4,,2,2,0.88,0.1363
C12,sub,2,42,24,18,2,2,2,2,,1,1,0.5714,0.75
C12,sub,3,877,562,315,3,3,3,3,,0,0,0.6408,0.5605
C12,add,2,39,92,131,2,2,3,2,2,,,0.4239,0.4239
C12,add,4,1485,6323,7808,4,4,4,4,1,,,0.2349,0.2349
C12,sub,3,769,478,291,3,3,3,3,,1,1,0.6216,0.6088
C12,add,4,4682,3217,7899,4,4,4,4,0,,,0.6871,1.4554
C12,add,2,44,35,79,2,2,2,2,0,,,0.7955,1.2571
C12,sub,2,82,60,22,2,2,2,2,,0,0,0.7317,0.3667
C12,add,3,673,270,943,3,3,3,3,1,,,0.4012,2.4926
C12,add,4,1443,8497,9940,4,4,4,4,2,,,0.1698,0.1698
C12,sub,4,7772,3647,4125,4,4,4,4,,1,1,0.4692,1.1311
C12,add,3,367,488,855,3,3,3,3,2,,,0.752,0.752
C12,sub,4,7306,3299,4007,4,4,4,4,,2,2,0.4515,1.2146
C12,sub,2,90,55,35,2,2,2,2,,1,1,0.6111,0.6364
C12,add,2,27,64,91,2,2,2,2,1,,,0.4219,0.4219
C12,sub,4,8403,2656,5747,4,4,4,4,,3,3,0.3161,2.1638
C12,sub,3,563,209,354,3,3,3,3,,1,1,0.3712,1.6938
C12,sub,2,90,32,58,2,2,2,2,,1,1,0.3556,1.8125
C12,sub,4,7763,4921,2842,4,4,4,4,,1,1,0.6339,0.5775
C12,sub,3,909,851,58,3,3,2,3,,1,1,0.9362,0.0682
C12,add,3,851,482,1333,3,3,4,3,2,,,0.5664,1.7656
C12,add,2,59,39,98,2,2,2,2,1,,,0.661,1.5128
C12,add,2,59,84,143,2,2,3,2,2,,,0.7024,0.7024
C12,sub,4,8455,2730,5725,4,4,4,4,,1,1,0.3229,2.0971
C12,add,3,628,864,1492,3,3,4,3,2,,,0.7269,0.7269
C12,add,3,125,700,825,3,3,3,3,0,,,0.1786,0.1786
C12,sub,4,8229,4790,3439,4,4,4,4,,2,2,0.5821,0.718
C12,sub,4,9449,4184,5265,4,4,4,4,,1,1,0.4428,1.2584
C12,add,4,5322,4163,9485,4,4,4,4,0,,,0.7822,1.2784
C12,add,2,50,70,120,2,2,3,2,1,,,0.7143,0.7143
C12,sub,4,9012,6298,2714,4,4,4,4,,3,3,0.6988,0.4309
C12,add,4,1783,4039,5822,4,4,4,4,2,,,0.4414,0.4414
C12,sub,3,701,606,95,3,3,2,3,,2,2,0.8645,0.1568
C12,sub,2,29,13,16,2,2,2,2,,0,0,0.4483,1.2308
C12,add,2,53,63,116,2,2,3,2,1,,,0.8413,0.8413
C12,sub,3,969,752,217,3,3,3,3,,0,0,0.7761,0.2886
C12,sub,3,760,750,10,3,3,2,3,,0,0,0.9868,0.0133
C12,add,2,81,48,129,2,2,3,2,1,,,0.5926,1.6875
C12,sub,3,696,210,486,3,3,3,3,,0,0,0.3017,2.3143
C12,sub,3,675,307,368,3,3,3,3,,1,1,0.4548,1.1987
C12,sub,3,858,583,275,3,3,3,3,,1,1,0.6795,0.4717
C12,sub,2,33,21,12,2,2,2,2,,0,0,0.6364,0.5714
C12,add,3,108,252,360,3,3,3,3,1,,,0.4286,0.4286
C12,add,4,2363,1941,4304,4,4,4,4,2,,,0.8214,1.2174
C12,add,2,56,54,110,2,2,3,2,2,,,0.9643,1.037
C12,sub,4,3339,2235,1104,4,4,4,4,,0,0,0.6694,0.494
C12,sub,4,9723,9003,720,4,4,3,4,,0,0,0.9259,0.08
C12,add,2,36,96,132,2,2,3,2,2,,,0.375,0.375
C12,add,3,536,696,1232,3,3,4,3,3,,,0.7701,0.7701
C12,add,2,61,68,129,2,2,3,2,1,,,0.8971,0.8971
C12,sub,3,679,369,310,3,3,3,3,,0,0,0.5434,0.8401
C12,add,4,3698,4814,8512,4,4,4,4,3,,,0.7682,0.7682
C12,add,2,53,40,93,2,2,2,2,0,,,0.7547,1.325
C12,add,2,78,21,99,2,2,2,2,0,,,0.2692,3.7143
C12,add,4,2090,3504,5594,4,4,4,4,0,,,0.5965,0.5965
C12,add,2,94,64,158,2,2,3,2,1,,,0.6809,1.4688
C12,sub,3,946,570,376,3,3,3,3,,1,1,0.6025,0.6596
C12,sub,3,667,306,361,3,3,3,3,,0,0,0.4588,1.1797
C12,add,3,740,166,906,3,3,3,3,1,,,0.2243,4.4578
C12,add,2,50,75,125,2,2,3,2,1,,,0.6667,0.6667
C12,add,2,48,75,123,2,2,3,2,2,,,0.64,0.64
C12,sub,2,74,20,54,2,2,2,2,,0,0,0.2703,2.7
C12,sub,3,936,696,240,3,3,3,3,,1,1,0.7436,0.3448
C12,add,2,22,48,70,2,2,2,2,1,,,0.4583,0.4583
C12,sub,3,813,465,348,3,3,3,3,,2,2,0.572,0.7484
C12,add,3,319,913,1232,3,3,4,3,2,,,0.3494,0.3494
C12,sub,2,69,28,41,2,2,2,2,,0,0,0.4058,1.4643
C12,add,4,3133,6600,9733,4,4,4,4,0,,,0.4747,0.4747
C12,add,2,53,81,134,2,2,3,2,1,,,0.6543,0.6543
C12,sub,2,70,59,11,2,2,2,2,,1,1,0.8429,0.1864
C12,sub,4,2775,1954,821,4,4,3,4,,1,1,0.7041,0.4202
C12,add,2,38,54,92,2,2,2,2,1,,,0.7037,0.7037
C12,sub,4,9818,4147,5671,4,4,4,4,,1,1,0.4224,1.3675
C12,add,4,1410,7835,9245,4,4,4,4,1,,,0.18,0.18
C12,add,4,5043,2995,8038,4,4,4,4,2,,,0.5939,1.6838
C12,add,2,18,83,101,2,2,3,2,2,,,0.2169,0.2169
C12,sub,3,980,545,435,3,3,3,3,,1,1,0.5561,0.7982
C12,add,2,15,78,93,2,2,2,2,1,,,0.1923,0.1923
C12,add,2,42,66,108,2,2,3,2,1,,,0.6364,0.6364
C12,sub,3,621,419,202,3,3,3,3,,1,1,0.6747,0.4821
C12,add,3,164,861,1025,3,3,4,3,2,,,0.1905,0.1905
C12,add,3,126,885,1011,3,3,4,3,3,,,0.1424,0.1424
C12,sub,4,8654,1503,7151,4,4,4,4,,0,0,0.1737,4.7578
C12,add,3,537,401,938,3,3,3,3,0,,,0.7467,1.3392
C12,add,2,29,66,95,2,2,2,2,1,,,0.4394,0.4394
C12,sub,2,66,35,31,2,2,2,2,,0,0,0.5303,0.8857
C12,add,4,3584,5017,8601,4,4,4,4,2,,,0.7144,0.7144
C12,sub,4,8140,5046,3094,4,4,4,4,,2,2,0.6199,0.6132
C12,add,2,64,18,82,2,2,2,2,1,,,0.2812,3.5556
C12,add,2,50,25,75,2,2,2,2,0,,,0.5,2.0
C12,add,2,52,11,63,2,2,2,2,0,,,0.2115,4.7273
C12,sub,2,56,30,26,2,2,2,2,,0,0,0.5357,0.8667
C12,add,3,948,880,1828,3,3,4,3,2,,,0.9283,1.0773
C12,sub,3,853,455,398,3,3,3,3,,2,2,0.5334,0.8747
C12,add,2,35,37,72,2,2,2,2,1,,,0.9459,0.9459
C12,add,2,52,48,100,2,2,3,2,2,,,0.9231,1.0833
C12,sub,4,3890,3310,580,4,4,3,4,,0,0,0.8509,0.1752
C12,add,3,207,287,494,3,3,3,3,1,,,0.7213,0.7213
C12,add,4,1625,5049,6674,4,4,4,4,1,,,0.3218,0.3218
C12,add,2,21,86,107,2,2,3,2,1,,,0.2442,0.2442
C12,sub,4,7834,4996,2838,4,4,4,4,,3,3,0.6377,0.5681
C12,add,2,17,33,50,2,2,2,2,1,,,0.5152,0.5152
C12,add,3,328,551,879,3,3,3,3,0,,,0.5953,0.5953
C12,sub,2,38,16,22,2,2,2,2,,0,0,0.4211,1.375
C12,sub,3,745,646,99,3,3,2,3,,2,2,0.8671,0.1533
C12,add,4,4227,1750,5977,4,4,4,4,0,,,0.414,2.4154
C12,sub,3,903,306,597,3,3,3,3,,2,2,0.3389,1.951
C12,add,3,886,432,1318,3,3,4,3,2,,,0.4876,2.0509
C12,add,3,934,409,1343,3,3,4,3,2,,,0.4379,2.2836
C12,add,3,449,253,702,3,3,3,3,2,,,0.5635,1.7747
C12,add,3,698,148,846,3,3,3,3,2,,,0.212,4.7162
C12,sub,4,5411,4015,1396,4,4,4,4,,2,2,0.742,0.3477
C12,add,4,1917,6025,7942,4,4,4,4,1,,,0.3182,0.3182
C12,add,3,244,170,414,3,3,3,3,1,,,0.6967,1.4353
C12,add,4,4313,4320,8633,4,4,4,4,0,,,0.9984,0.9984
C12,sub,2,83,16,67,2,2,2,2,,1,1,0.1928,4.1875
C12,sub,2,88,15,73,2,2,2,2,,0,0,0.1705,4.8667
C12,sub,4,9370,2214,7156,4,4,4,4,,1,1,0.2363,3.2322
C12,add,4,1453,2064,3517,4,4,4,4,1,,,0.704,0.704
C12,sub,3,842,464,378,3,3,3,3,,2,2,0.5511,0.8147
C12,add,3,219,898,1117,3,3,4,3,3,,,0.2439,0.2439
C12,add,3,937,496,1433,3,3,4,3,3,,,0.5293,1.8891
C12,add,3,422,376,798,3,3,3,3,0,,,0.891,1.1223
C12,add,3,325,461,786,3,3,3,3,0,,,0.705,0.705
C12,sub,4,8134,1742,6392,4,4,4,4,,2,2,0.2142,3.6693
C12,sub,4,4524,2243,2281,4,4,4,4,,1,1,0.4958,1.0169
C12,sub,3,966,434,532,3,3,3,3,,0,0,0.4493,1.2258
C12,sub,4,5614,2682,2932,4,4,4,4,,2,2,0.4777,1.0932
C12,add,3,170,195,365,3,3,3,3,1,,,0.8718,0.8718
C12,sub,3,311,221,90,3,3,2,3,,1,1,0.7106,0.4072
C12,sub,3,991,571,420,3,3,3,3,,0,0,0.5762,0.7356
C12,add,4,5870,1386,7256,4,4,4,4,2,,,0.2361,4.2352
C12,add,3,744,533,1277,3,3,4,3,1,,,0.7164,1.3959
C12,sub,4,6305,4823,1482,4,4,4,4,,2,2,0.7649,0.3073
C12,sub,3,769,690,79,3,3,2,3,,1,1,0.8973,0.1145
C12,add,3,206,320,526,3,3,3,3,0,,,0.6438,0.6438
C12,sub,3,294,206,88,3,3,2,3,,1,1,0.7007,0.4272
C12,sub,4,4402,2485,1917,4,4,4,4,,3,3,0.5645,0.7714
C12,add,2,57,70,127,2,2,3,2,1,,,0.8143,0.8143
C12,add,2,10,83,93,2,2,2,2,0,,,0.1205,0.1205
C12,add,3,687,148,835,3,3,3,3,2,,,0.2154,4.6419
C12,sub,3,715,146,569,3,3,3,3,,2,2,0.2042,3.8973
C12,add,2,67,89,156,2,2,3,2,2,,,0.7528,0.7528
C12,add,2,39,80,119,2,2,3,2,1,,,0.4875,0.4875
C12,sub,3,630,457,173,3,3,3,3,,2,2,0.7254,0.3786
C12,sub,4,4689,2505,2184,4,4,4,4,,0,0,0.5342,0.8719
C12,add,3,619,791,1410,3,3,4,3,3,,,0.7826,0.7826
C12,sub,3,482,449,33,3,3,2,3,,1,1,0.9315,0.0735
C12,sub,4,9585,7821,1764,4,4,4,4,,1,1,0.816,0.2255
C12,sub,3,601,239,362,3,3,3,3,,2,2,0.3977,1.5146
C12,sub,3,465,434,31,3,3,2,3,,0,0,0.9333,0.0714
C12,sub,4,9684,7263,2421,4,4,4,4,,0,0,0.75,0.3333
C12,sub,4,7386,1420,5966,4,4,4,4,,1,1,0.1923,4.2014
C12,sub,4,5294,2659,2635,4,4,4,4,,2,2,0.5023,0.991
C12,add,3,314,767,1081,3,3,4,3,2,,,0.4094,0.4094
C12,sub,3,576,422,154,3,3,3,3,,0,0,0.7326,0.3649
C12,add,2,29,25,54,2,2,2,2,1,,,0.8621,1.16
C12,sub,3,705,555,150,3,3,3,3,,1,1,0.7872,0.2703
C12,sub,3,568,400,168,3,3,3,3,,0,0,0.7042,0.42
C12,sub,3,965,752,213,3,3,3,3,,0,0,0.7793,0.2832
C12,add,2,66,80,146,2,2,3,2,1,,,0.825,0.825
C12,sub,2,80,68,12,2,2,2,2,,1,1,0.85,0.1765
C12,add,3,181,293,474,3,3,3,3,1,,,0.6177,0.6177
C12,sub,3,782,455,327,3,3,3,3,,1,1,0.5818,0.7187
C12,add,2,38,75,113,2,2,3,2,2,,,0.5067,0.5067
C12,sub,3,623,529,94,3,3,2,3,,2,2,0.8491,0.1777
C12,add,3,267,131,398,3,3,3,3,0,,,0.4906,2.0382
C12,add,4,6149,3239,9388,4,4,4,4,1,,,0.5268,1.8984
C12,sub,2,42,14,28,2,2,2,2,,1,1,0.3333,2.0
C12,sub,2,90,18,72,2,2,2,2,,1,1,0.2,4.0
C12,add,3,520,476,996,3,3,3,3,0,,,0.9154,1.0924
C12,add,4,2970,2721,5691,4,4,4,4,1,,,0.9162,1.0915
C12,sub,4,8417,4148,4269,4,4,4,4,,2,2,0.4928,1.0292
C12,add,3,964,300,1264,3,3,4,3,1,,,0.3112,3.2133
C12,sub,3,881,734,147,3,3,3,3,,1,1,0.8331,0.2003
C12,sub,3,527,214,313,3,3,3,3,,0,0,0.4061,1.4626
C12,sub,4,4045,1730,2315,4,4,4,4,,1,1,0.4277,1.3382
C12,add,3,530,732,1262,3,3,4,3,1,,,0.724,0.724
C12,add,2,34,24,58,2,2,2,2,0,,,0.7059,1.4167
C12,sub,2,46,28,18,2,2,2,2,,1,1,0.6087,0.6429
C12,add,3,476,507,983,3,3,3,3,1,,,0.9389,0.9389
C12,add,4,2023,3755,5778,4,4,4,4,0,,,0.5387,0.5387
C12,sub,4,3802,2618,1184,4,4,4,4,,2,2,0.6886,0.4523
C12,add,2,97,61,158,2,2,3,2,1,,,0.6289,1.5902
C12,add,3,476,954,1430,3,3,4,3,3,,,0.499,0.499
C12,sub,4,8613,4818,3795,4,4,4,4,,3,3,0.5594,0.7877
C12,add,3,883,809,1692,3,3,4,3,2,,,0.9162,1.0915
C12,add,3,897,573,1470,3,3,4,3,3,,,0.6388,1.5654
C12,sub,2,78,23,55,2,2,2,2,,0,0,0.2949,2.3913
C12,add,4,1655,3159,4814,4,4,4,4,2,,,0.5239,0.5239
C12,add,2,11,91,102,2,2,3,2,1,,,0.1209,0.1209
C12,sub,2,81,16,65,2,2,2,2,,1,1,0.1975,4.0625
C12,sub,3,530,259,271,3,3,3,3,,2,2,0.4887,1.0463
C12,add,4,1771,7696,9467,4,4,4,4,2,,,0.2301,0.2301
C12,sub,4,8499,6476,2023,4,4,4,4,,0,0,0.762,0.3124
C12,sub,3,994,196,798,3,3,3,3,,2,2,0.1972,4.0714
C12,add,3,872,804,1676,3,3,4,3,1,,,0.922,1.0846
C12,add,3,799,668,1467,3,3,4,3,3,,,0.836,1.1961
C12,add,3,168,652,820,3,3,3,3,2,,,0.2577,0.2577
C12,sub,2,89,12,77,2,2,2,2,,0,0,0.1348,6.4167
C12,sub,2,28,10,18,2,2,2,2,,0,0,0.3571,1.8
C12,add,3,135,752,887,3,3,3,3,0,,,0.1795,0.1795
C12,add,3,810,340,1150,3,3,4,3,1,,,0.4198,2.3824
C12,sub,3,431,117,314,3,3,3,3,,1,1,0.2715,2.6838
C12,sub,2,73,13,60,2,2,2,2,,0,0,0.1781,4.6154
C12,sub,4,8246,5958,2288,4,4,4,4,,3,3,0.7225,0.384
C12,sub,4,9797,7706,2091,4,4,4,4,,0,0,0.7866,0.2713
C12,add,3,417,108,525,3,3,3,3,1,,,0.259,3.8611
C12,sub,3,726,415,311,3,3,3,3,,0,0,0.5716,0.7494
C12,sub,2,81,47,34,2,2,2,2,,1,1,0.5802,0.7234
C12,add,2,27,78,105,2,2,3,2,2,,,0.3462,0.3462
C12,add,4,5927,2391,8318,4,4,4,4,2,,,0.4034,2.4789
C12,add,3,985,771,1756,3,3,4,3,2,,,0.7827,1.2776
C12,sub,4,9645,2170,7475,4,4,4,4,,1,1,0.225,3.4447
C12,sub,3,515,153,362,3,3,3,3,,1,1,0.2971,2.366
C12,add,3,694,610,1304,3,3,4,3,2,,,0.879,1.1377
C12,add,2,74,72,146,2,2,3,2,1,,,0.973,1.0278
C12,add,4,5826,2753,8579,4,4,4,4,1,,,0.4725,2.1162
C12,add,2,18,27,45,2,2,2,2,1,,,0.6667,0.6667
C12,sub,2,87,20,67,2,2,2,2,,0,0,0.2299,3.35
C12,sub,2,87,23,64,2,2,2,2,,0,0,0.2644,2.7826
C12,sub,2,40,25,15,2,2,2,2,,1,1,0.625,0.6
C12,add,3,308,832,1140,3,3,4,3,2,,,0.3702,0.3702
C12,sub,4,8402,3113,5289,4,4,4,4,,2,2,0.3705,1.699
C12,sub,2,48,30,18,2,2,2,2,,0,0,0.625,0.6
C12,add,2,52,23,75,2,2,2,2,0,,,0.4423,2.2609
C12,add,3,534,320,854,3,3,3,3,0,,,0.5993,1.6687
C12,add,4,5951,3908,9859,4,4,4,4,1,,,0.6567,1.5228
C12,sub,3,936,628,308,3,3,3,3,,1,1,0.6709,0.4904
C12,add,3,550,240,790,3,3,3,3,0,,,0.4364,2.2917
C12,sub,3,877,346,531,3,3,3,3,,0,0,0.3945,1.5347
C12,add,2,34,47,81,2,2,2,2,1,,,0.7234,0.7234
C12,sub,3,882,798,84,3,3,2,3,,2,2,0.9048,0.1053
C12,sub,4,7718,2967,4751,4,4,4,4,,2,2,0.3844,1.6013
C12,add,3,389,531,920,3,3,3,3,2,,,0.7326,0.7326
C12,add,3,103,720,823,3,3,3,3,0,,,0.1431,0.1431
C12,add,2,36,96,132,2,2,3,2,2,,,0.375,0.375
C12,add,2,26,47,73,2,2,2,2,1,,,0.5532,0.5532
C12,sub,4,6874,5637,1237,4,4,4,4,,1,1,0.82,0.2194
C12,add,2,83,76,159,2,2,3,2,1,,,0.9157,1.0921
C12,add,4,2140,3489,5629,4,4,4,4,1,,,0.6134,0.6134
C12,sub,2,80,66,14,2,2,2,2,,1,1,0.825,0.2121
C12,add,3,562,102,664,3,3,3,3,0,,,0.1815,5.5098
C12,sub,3,700,557,143,3,3,3,3,,2,2,0.7957,0.2567
C12,sub,2,42,19,23,2,2,2,2,,1,1,0.4524,1.2105
C12,sub,2,82,35,47,2,2,2,2,,1,1,0.4268,1.3429
C12,add,2,56,62,118,2,2,3,2,1,,,0.9032,0.9032
C12,add,3,742,767,1509,3,3,4,3,2,,,0.9674,0.9674
C12,add,4,2010,1989,3999,4,4,4,4,0,,,0.9896,1.0106
C12,sub,2,99,43,56,2,2,2,2,,0,0,0.4343,1.3023
C12,sub,4,6554,3699,2855,4,4,4,4,,3,3,0.5644,0.7718
C12,add,3,193,452,645,3,3,3,3,1,,,0.427,0.427
C12,sub,4,7435,6872,563,4,4,3,4,,2,2,0.9243,0.0819
C12,add,2,13,45,58,2,2,2,2,0,,,0.2889,0.2889
C12,sub,4,8852,7203,1649,4,4,4,4,,1,1,0.8137,0.2289
C12,sub,3,745,341,404,3,3,3,3,,0,0,0.4577,1.1848
C12,sub,4,4689,3246,1443,4,4,4,4,,0,0,0.6923,0.4445
C12,sub,2,90,13,77,2,2,2,2,,1,1,0.1444,5.9231
C12,sub,4,8196,2572,5624,4,4,4,4,,1,1,0.3138,2.1866
C12,add,2,98,21,119,2,2,3,2,1,,,0.2143,4.6667
C12,sub,3,823,297,526,3,3,3,3,,2,2,0.3609,1.771
C12,add,3,972,389,1361,3,3,4,3,3,,,0.4002,2.4987
C12,sub,3,741,407,334,3,3,3,3,,1,1,0.5493,0.8206
C12,sub,2,74,22,52,2,2,2,2,,0,0,0.2973,2.3636
C12,add,4,3683,5181,8864,4,4,4,4,1,,,0.7109,0.7109
C12,add,4,4265,3502,7767,4,4,4,4,0,,,0.8211,1.2179
C12,sub,2,41,26,15,2,2,2,2,,1,1,0.6341,0.5769
C12,add,2,85,16,101,2,2,3,2,2,,,0.1882,5.3125
C12,sub,3,912,564,348,3,3,3,3,,2,2,0.6184,0.617
C12,sub,3,796,447,349,3,3,3,3,,1,1,0.5616,0.7808
C12,add,2,47,90,137,2,2,3,2,1,,,0.5222,0.5222
C12,add,3,501,991,1492,3,3,4,3,1,,,0.5055,0.5055
C12,sub,2,62,42,20,2,2,2,2,,0,0,0.6774,0.4762
C12,sub,3,790,383,407,3,3,3,3,,1,1,0.4848,1.0627
C12,add,2,65,70,135,2,2,3,2,1,,,0.9286,0.9286
C12,sub,4,7261,6226,1035,4,4,4,4,,1,1,0.8575,0.1662
C12,sub,4,7475,6545,930,4,4,3,4,,1,1,0.8756,0.1421
C12,sub,3,366,281,85,3,3,2,3,,1,1,0.7678,0.3025
C12,sub,2,83,12,71,2,2,2,2,,0,0,0.1446,5.9167
C12,add,3,601,178,779,3,3,3,3,0,,,0.2962,3.3764
C12,sub,4,9943,5580,4363,4,4,4,4,,1,1,0.5612,0.7819
C12,sub,3,739,434,305,3,3,3,3,,0,0,0.5873,0.7028
C12,sub,2,50,40,10,2,2,2,2,,0,0,0.8,0.25
C12,sub,2,76,19,57,2,2,2,2,,1,1,0.25,3.0
C12,sub,3,754,687,67,3,3,2,3,,2,2,0.9111,0.0975
C12,add,2,11,94,105,2,2,3,2,1,,,0.117,0.117
C12,add,2,91,87,178,2,2,3,2,1,,,0.956,1.046
C12,add,3,275,470,745,3,3,3,3,1,,,0.5851,0.5851
C12,add,3,110,384,494,3,3,3,3,0,,,0.2865,0.2865
C12,sub,3,806,783,23,3,3,2,3,,1,1,0.9715,0.0294
C12,add,2,83,55,138,2,2,3,2,1,,,0.6627,1.5091
C12,sub,4,2964,1667,1297,4,4,4,4,,2,2,0.5624,0.778
C12,sub,3,770,612,158,3,3,3,3,,1,1,0.7948,0.2582
C12,sub,3,472,156,316,3,3,3,3,,1,1,0.3305,2.0256
C12,sub,4,8456,8444,12,4,4,2,4,,0,0,0.9986,0.0014
C12,sub,4,3222,1614,1608,4,4,4,4,,2,2,0.5009,0.9963
C12,add,4,4306,2906,7212,4,4,4,4,2,,,0.6749,1.4818
C12,sub,2,72,58,14,2,2,2,2,,1,1,0.8056,0.2414
C12,sub,3,994,379,615,3,3,3,3,,1,1,0.3813,1.6227
C12,sub,2,86,32,54,2,2,2,2,,0,0,0.3721,1.6875
C12,add,4,3966,1275,5241,4,4,4,4,3,,,0.3215,3.1106
C12,sub,4,4761,2275,2486,4,4,4,4,,2,2,0.4778,1.0927
C12,add,3,283,462,745,3,3,3,3,1,,,0.6126,0.6126
C12,add,4,1753,7498,9251,4,4,4,4,3,,,0.2338,0.2338
C12,add,4,6605,1746,8351,4,4,4,4,2,,,0.2643,3.7829
C12,add,2,39,95,134,2,2,3,2,2,,,0.4105,0.4105
C12,sub,4,5302,4031,1271,4,4,4,4,,1,1,0.7603,0.3153
C12,sub,2,78,32,46,2,2,2,2,,0,0,0.4103,1.4375
C12,sub,4,4872,4217,655,4,4,3,4,,1,1,0.8656,0.1553
C12,sub,2,78,45,33,2,2,2,2,,0,0,0.5769,0.7333
C12,add,3,782,174,956,3,3,3,3,1,,,0.2225,4.4943
C12,add,2,84,33,117,2,2,3,2,1,,,0.3929,2.5455
C12,add,2,88,52,140,2,2,3,2,2,,,0.5909,1.6923
C12,sub,2,79,37,42,2,2,2,2,,0,0,0.4684,1.1351
C12,add,4,1644,7616,9260,4,4,4,4,2,,,0.2159,0.2159
C12,add,3,532,143,675,3,3,3,3,0,,,0.2688,3.7203
C12,sub,4,4756,3322,1434,4,4,4,4,,0,0,0.6985,0.4317
C12,sub,3,588,129,459,3,3,3,3,,1,1,0.2194,3.5581
C12,add,3,521,273,794,3,3,3,3,0,,,0.524,1.9084
C12,add,3,978,177,1155,3,3,4,3,3,,,0.181,5.5254
C12,add,2,65,31,96,2,2,2,2,0,,,0.4769,2.0968
C12,sub,2,65,47,18,2,2,2,2,,1,1,0.7231,0.383
C12,sub,2,95,80,15,2,2,2,2,,0,0,0.8421,0.1875
C12,sub,4,9374,1132,8242,4,4,4,4,,0,0,0.1208,7.2809
C12,add,3,102,354,456,3,3,3,3,0,,,0.2881,0.2881
C12,sub,3,676,397,279,3,3,3,3,,2,2,0.5873,0.7028
C12,add,3,828,257,1085,3,3,4,3,2,,,0.3104,3.2218
C12,sub,4,9900,2919,6981,4,4,4,4,,3,3,0.2948,2.3916
C12,add,4,7139,1249,8388,4,4,4,4,1,,,0.175,5.7158
C12,add,2,27,52,79,2,2,2,2,0,,,0.5192,0.5192
C12,add,2,33,74,107,2,2,3,2,1,,,0.4459,0.4459
C12,add,2,16,16,32,2,2,2,2,1,,,1.0,1.0
C12,add,2,26,72,98,2,2,2,2,0,,,0.3611,0.3611
C12,sub,4,6090,5434,656,4,4,3,4,,2,2,0.8923,0.1207
C12,add,2,41,87,128,2,2,3,2,1,,,0.4713,0.4713
C12,sub,2,46,18,28,2,2,2,2,,1,1,0.3913,1.5556
C12,sub,4,8558,2725,5833,4,4,4,4,,1,1,0.3184,2.1406
C12,sub,2,71,40,31,2,2,2,2,,0,0,0.5634,0.775
C12,sub,3,445,152,293,3,3,3,3,,1,1,0.3416,1.9276
C12,add,4,1135,7298,8433,4,4,4,4,2,,,0.1555,0.1555
C12,sub,4,8320,7913,407,4,4,3,4,,2,2,0.9511,0.0514
C12,add,2,51,87,138,2,2,3,2,1,,,0.5862,0.5862
C12,add,3,516,675,1191,3,3,4,3,2,,,0.7644,0.7644
C12,sub,3,919,718,201,3,3,3,3,,0,0,0.7813,0.2799
C12,sub,2,55,40,15,2,2,2,2,,0,0,0.7273,0.375
C12,add,2,67,51,118,2,2,3,2,1,,,0.7612,1.3137
C12,add,4,3177,4265,7442,4,4,4,4,2,,,0.7449,0.7449
C12,sub,4,6022,4823,1199,4,4,4,4,,3,3,0.8009,0.2486
C12,sub,4,5993,4185,1808,4,4,4,4,,1,1,0.6983,0.432
C12,add,4,5088,3829,8917,4,4,4,4,2,,,0.7526,1.3288
C12,add,4,6287,3284,9571,4,4,4,4,2,,,0.5223,1.9144
C12,sub,2,70,38,32,2,2,2,2,,1,1,0.5429,0.8421
C12,add,3,936,779,1715,3,3,4,3,3,,,0.8323,1.2015
C12,add,2,18,40,58,2,2,2,2,0,,,0.45,0.45
C12,add,2,17,14,31,2,2,2,2,1,,,0.8235,1.2143
C12,sub,2,99,51,48,2,2,2,2,,0,0,0.5152,0.9412
C12,sub,2,75,61,14,2,2,2,2,,0,0,0.8133,0.2295
C12,sub,4,3707,1168,2539,4,4,4,4,,2,2,0.3151,2.1738
C12,sub,3,737,201,536,3,3,3,3,,0,0,0.2727,2.6667
C12,sub,3,820,412,408,3,3,3,3,,1,1,0.5024,0.9903
C12,sub,2,68,36,32,2,2,2,2,,0,0,0.5294,0.8889
C12,sub,4,8906,1033,7873,4,4,4,4,,1,1,0.116,7.6215
C12,sub,2,71,31,40,2,2,2,2,,0,0,0.4366,1.2903
C12,add,4,4427,1928,6355,4,4,4,4,2,,,0.4355,2.2962
C12,sub,4,9321,2065,7256,4,4,4,4,,2,2,0.2215,3.5138
C12,add,2,89,88,177,2,2,3,2,2,,,0.9888,1.0114
C12,add,4,3611,1600,5211,4,4,4,4,1,,,0.4431,2.2569
C12,add,2,97,90,187,2,2,3,2,1,,,0.9278,1.0778
C12,sub,3,982,914,68,3,3,2,3,,1,1,0.9308,0.0744
C12,add,2,88,46,134,2,2,3,2,2,,,0.5227,1.913
C12,sub,2,94,84,10,2,2,2,2,,0,0,0.8936,0.119
C12,sub,3,817,799,18,3,3,2,3,,2,2,0.978,0.0225
C12,sub,4,8550,1000,7550,4,4,4,4,,0,0,0.117,7.55
C12,sub,2,79,59,20,2,2,2,2,,0,0,0.7468,0.339
C12,add,2,92,75,167,2,2,3,2,1,,,0.8152,1.2267
C12,add,2,37,55,92,2,2,2,2,1,,,0.6727,0.6727
C12,sub,3,908,759,149,3,3,3,3,,2,2,0.8359,0.1963
C12,add,2,85,40,125,2,2,3,2,1,,,0.4706,2.125
C12,sub,3,610,449,161,3,3,3,3,,2,2,0.7361,0.3586
C12,add,3,242,613,855,3,3,3,3,0,,,0.3948,0.3948
C12,sub,3,909,836,73,3,3,2,3,,1,1,0.9197,0.0873
C12,sub,4,5763,3054,2709,4,4,4,4,,1,1,0.5299,0.887
C12,add,3,110,199,309,3,3,3,3,1,,,0.5528,0.5528
C12,sub,3,888,633,255,3,3,3,3,,0,0,0.7128,0.4028
C12,sub,2,93,74,19,2,2,2,2,,1,1,0.7957,0.2568
C12,add,2,18,61,79,2,2,2,2,0,,,0.2951,0.2951
C12,sub,2,66,53,13,2,2,2,2,,0,0,0.803,0.2453
C12,add,3,767,719,1486,3,3,4,3,2,,,0.9374,1.0668
C12,sub,3,793,114,679,3,3,3,3,,1,1,0.1438,5.9561
C12,add,4,3206,5652,8858,4,4,4,4,0,,,0.5672,0.5672
C12,sub,4,6548,2235,4313,4,4,4,4,,0,0,0.3413,1.9298
C12,add,2,34,76,110,2,2,3,2,2,,,0.4474,0.4474
C12,sub,4,7691,1446,6245,4,4,4,4,,1,1,0.188,4.3188
C12,sub,4,9130,4041,5089,4,4,4,4,,2,2,0.4426,1.2593
C12,sub,2,43,10,33,2,2,2,2,,0,0,0.2326,3.3
C12,add,3,441,839,1280,3,3,4,3,2,,,0.5256,0.5256
C12,sub,3,833,570,263,3,3,3,3,,1,1,0.6843,0.4614
C12,sub,4,8591,3508,5083,4,4,4,4,,1,1,0.4083,1.449
C12,sub,3,695,367,328,3,3,3,3,,1,1,0.5281,0.8937
C12,sub,3,755,165,590,3,3,3,3,,1,1,0.2185,3.5758
C12,sub,2,53,11,42,2,2,2,2,,0,0,0.2075,3.8182
C12,add,3,106,127,233,3,3,3,3,1,,,0.8346,0.8346
C12,sub,3,825,207,618,3,3,3,3,,1,1,0.2509,2.9855
C12,add,3,298,583,881,3,3,3,3,2,,,0.5111,0.5111
C12,add,3,915,445,1360,3,3,4,3,2,,,0.4863,2.0562
C12,sub,3,771,633,138,3,3,3,3,,1,1,0.821,0.218
C12,add,2,36,10,46,2,2,2,2,0,,,0.2778,3.6
C12,sub,3,799,226,573,3,3,3,3,,0,0,0.2829,2.5354
C12,add,2,75,44,119,2,2,3,2,1,,,0.5867,1.7045
C12,add,2,17,49,66,2,2,2,2,1,,,0.3469,0.3469
C12,sub,4,7472,5556,1916,4,4,4,4,,2,2,0.7436,0.3449
C12,add,4,5795,1033,6828,4,4,4,4,1,,,0.1783,5.6099
C12,add,4,6175,3585,9760,4,4,4,4,2,,,0.5806,1.7225
C12,add,4,2567,6853,9420,4,4,4,4,3,,,0.3746,0.3746
C12,add,3,647,686,1333,3,3,4,3,3,,,0.9431,0.9431
C12,sub,3,848,214,634,3,3,3,3,,0,0,0.2524,2.9626
C12,sub,3,875,287,588,3,3,3,3,,2,2,0.328,2.0488
C12,sub,2,40,22,18,2,2,2,2,,1,1,0.55,0.8182
C12,add,3,563,838,1401,3,3,4,3,3,,,0.6718,0.6718
C12,add,2,58,79,137,2,2,3,2,2,,,0.7342,0.7342
C12,add,4,1989,3369,5358,4,4,4,4,3,,,0.5904,0.5904
C12,add,3,152,488,640,3,3,3,3,2,,,0.3115,0.3115
C12,add,3,624,931,1555,3,3,4,3,1,,,0.6702,0.6702
C12,sub,4,6561,4803,1758,4,4,4,4,,2,2,0.7321,0.366
C12,add,4,1186,5216,6402,4,4,4,4,2,,,0.2274,0.2274
C12,add,2,52,85,137,2,2,3,2,1,,,0.6118,0.6118
C12,sub,4,9686,1001,8685,4,4,4,4,,0,0,0.1033,8.6763
C12,sub,3,828,106,722,3,3,3,3,,0,0,0.128,6.8113
C12,sub,2,79,69,10,2,2,2,2,,0,0,0.8734,0.1449
C12,sub,2,44,13,31,2,2,2,2,,0,0,0.2955,2.3846
C12,add,2,58,93,151,2,2,3,2,2,,,0.6237,0.6237
C12,add,2,17,26,43,2,2,2,2,1,,,0.6538,0.6538
C12,add,2,23,34,57,2,2,2,2,0,,,0.6765,0.6765
C12,sub,3,990,707,283,3,3,3,3,,1,1,0.7141,0.4003
C12,sub,3,873,725,148,3,3,3,3,,1,1,0.8305,0.2041
C12,sub,3,854,278,576,3,3,3,3,,2,2,0.3255,2.0719
C12,sub,2,86,56,30,2,2,2,2,,0,0,0.6512,0.5357
C12,sub,3,979,575,404,3,3,3,3,,0,0,0.5873,0.7026
C12,sub,4,5143,3906,1237,4,4,4,4,,2,2,0.7595,0.3167
C12,add,3,770,822,1592,3,3,4,3,1,,,0.9367,0.9367
C12,add,4,8152,1304,9456,4,4,4,4,0,,,0.16,6.2515
C12,sub,2,64,35,29,2,2,2,2,,1,1,0.5469,0.8286
C12,sub,4,5029,3742,1287,4,4,4,4,,2,2,0.7441,0.3439
C12,sub,4,2097,1511,586,4,4,3,4,,1,1,0.7206,0.3878
C12,add,3,954,925,1879,3,3,4,3,1,,,0.9696,1.0314
C12,sub,3,729,126,603,3,3,3,3,,0,0,0.1728,4.7857
C12,sub,4,6236,4441,1795,4,4,4,4,,2,2,0.7122,0.4042
C12,sub,4,9467,7353,2114,4,4,4,4,,0,0,0.7767,0.2875
C12,add,2,39,12,51,2,2,2,2,1,,,0.3077,3.25
C12,sub,4,6530,6503,27,4,4,2,4,,1,1,0.9959,0.0042
C12,sub,3,666,347,319,3,3,3,3,,1,1,0.521,0.9193
C12,sub,4,8152,5012,3140,4,4,4,4,,0,0,0.6148,0.6265
C12,sub,4,8361,2469,5892,4,4,4,4,,3,3,0.2953,2.3864
C12,add,3,884,777,1661,3,3,4,3,3,,,0.879,1.1377
C12,add,3,822,140,962,3,3,3,3,0,,,0.1703,5.8714
C12,add,2,37,95,132,2,2,3,2,2,,,0.3895,0.3895
C12,add,3,325,921,1246,3,3,4,3,1,,,0.3529,0.3529
C12,add,3,523,277,800,3,3,3,3,2,,,0.5296,1.8881
C12,add,2,31,65,96,2,2,2,2,0,,,0.4769,0.4769
C12,add,3,109,215,324,3,3,3,3,1,,,0.507,0.507
C12,sub,3,893,486,407,3,3,3,3,,1,1,0.5442,0.8374
C12,sub,4,6194,5346,848,4,4,3,4,,2,2,0.8631,0.1586
C12,add,3,207,759,966,3,3,3,3,1,,,0.2727,0.2727
C12,add,2,11,91,102,2,2,3,2,1,,,0.1209,0.1209
C12,add,3,272,524,796,3,3,3,3,0,,,0.5191,0.5191
C12,sub,3,515,398,117,3,3,3,3,,2,2,0.7728,0.294
C12,add,4,1944,2875,4819,4,4,4,4,2,,,0.6762,0.6762
C12,add,2,78,88,166,2,2,3,2,2,,,0.8864,0.8864
C12,sub,3,930,548,382,3,3,3,3,,2,2,0.5892,0.6971
C12,add,2,61,39,100,2,2,3,2,2,,,0.6393,1.5641
C12,sub,3,607,396,211,3,3,3,3,,1,1,0.6524,0.5328
C12,add,3,818,636,1454,3,3,4,3,2,,,0.7775,1.2862
C12,add,2,41,16,57,2,2,2,2,0,,,0.3902,2.5625
C12,add,3,199,883,1082,3,3,4,3,3,,,0.2254,0.2254
C12,sub,3,434,413,21,3,3,2,3,,0,0,0.9516,0.0508
C12,add,4,2243,4285,6528,4,4,4,4,1,,,0.5235,0.5235
C12,sub,3,647,259,388,3,3,3,3,,2,2,0.4003,1.4981
C12,add,3,244,898,1142,3,3,4,3,3,,,0.2717,0.2717
C12,sub,4,7033,4209,2824,4,4,4,4,,2,2,0.5985,0.6709
C12,sub,4,3137,1783,1354,4,4,4,4,,2,2,0.5684,0.7594
C12,sub,3,596,208,388,3,3,3,3,,1,1,0.349,1.8654
C12,sub,2,57,15,42,2,2,2,2,,0,0,0.2632,2.8
C12,sub,2,98,77,21,2,2,2,2,,0,0,0.7857,0.2727
C12,sub,3,743,155,588,3,3,3,3,,2,2,0.2086,3.7935
C12,sub,2,94,73,21,2,2,2,2,,0,0,0.7766,0.2877
C12,add,2,66,38,104,2,2,3,2,2,,,0.5758,1.7368
C12,add,3,478,436,914,3,3,3,3,2,,,0.9121,1.0963
C12,add,3,999,525,1524,3,3,4,3,3,,,0.5255,1.9029
C12,sub,3,985,425,560,3,3,3,3,,0,0,0.4315,1.3176
C12,sub,2,35,23,12,2,2,2,2,,0,0,0.6571,0.5217
C12,add,2,39,69,108,2,2,3,2,2,,,0.5652,0.5652
C12,sub,4,4650,1147,3503,4,4,4,4,,1,1,0.2467,3.0541
C12,add,4,2408,4231,6639,4,4,4,4,0,,,0.5691,0.5691
C12,sub,3,640,282,358,3,3,3,3,,2,2,0.4406,1.2695
C12,sub,3,869,569,300,3,3,3,3,,0,0,0.6548,0.5272
C12,sub,4,2259,2060,199,4,4,3,4,,1,1,0.9119,0.0966
C12,sub,2,70,40,30,2,2,2,2,,0,0,0.5714,0.75
C12,add,2,98,51,149,2,2,3,2,1,,,0.5204,1.9216
C12,sub,4,2475,1661,814,4,4,3,4,,1,1,0.6711,0.4901
C12,sub,2,77,41,36,2,2,2,2,,0,0,0.5325,0.878
C12,add,3,508,432,940,3,3,3,3,1,,,0.8504,1.1759
C12,sub,4,4563,1161,3402,4,4,4,4,,0,0,0.2544,2.9302
C12,add,2,99,34,133,2,2,3,2,2,,,0.3434,2.9118
C12,sub,3,685,123,562,3,3,3,3,,0,0,0.1796,4.5691
C12,sub,2,93,26,67,2,2,2,2,,1,1,0.2796,2.5769
C12,add,4,5672,3550,9222,4,4,4,4,2,,,0.6259,1.5977
C12,sub,2,93,50,43,2,2,2,2,,0,0,0.5376,0.86
C12,sub,3,936,806,130,3,3,3,3,,0,0,0.8611,0.1613
C12,sub,2,98,38,60,2,2,2,2,,0,0,0.3878,1.5789
C12,add,2,18,27,45,2,2,2,2,1,,,0.6667,0.6667
C12,add,2,42,59,101,2,2,3,2,2,,,0.7119,0.7119
C12,sub,3,687,435,252,3,3,3,3,,0,0,0.6332,0.5793
C12,sub,3,790,747,43,3,3,2,3,,1,1,0.9456,0.0576
C12,add,2,17,21,38,2,2,2,2,0,,,0.8095,0.8095
C12,add,3,954,763,1717,3,3,4,3,2,,,0.7998,1.2503
C12,sub,4,9002,4908,4094,4,4,4,4,,3,3,0.5452,0.8341
C12,add,2,23,67,90,2,2,2,2,1,,,0.3433,0.3433
C12,add,2,42,15,57,2,2,2,2,0,,,0.3571,2.8
C12,sub,2,79,43,36,2,2,2,2,,0,0,0.5443,0.8372
C12,add,3,929,466,1395,3,3,4,3,2,,,0.5016,1.9936
C12,sub,3,936,187,749,3,3,3,3,,2,2,0.1998,4.0053
C12,sub,4,5992,2533,3459,4,4,4,4,,1,1,0.4227,1.3656
C12,sub,3,819,726,93,3,3,2,3,,1,1,0.8864,0.1281
C12,add,3,374,999,1373,3,3,4,3,3,,,0.3744,0.3744
C12,sub,2,80,57,23,2,2,2,2,,1,1,0.7125,0.4035
C12,add,2,57,42,99,2,2,2,2,0,,,0.7368,1.3571
C12,add,2,61,91,152,2,2,3,2,1,,,0.6703,0.6703
C12,add,3,591,625,1216,3,3,4,3,2,,,0.9456,0.9456
C12,sub,3,547,185,362,3,3,3,3,,1,1,0.3382,1.9568
C12,sub,2,91,71,20,2,2,2,2,,0,0,0.7802,0.2817
C12,sub,3,748,349,399,3,3,3,3,,2,2,0.4666,1.1433
C12,add,3,510,882,1392,3,3,4,3,1,,,0.5782,0.5782
C12,sub,3,781,676,105,3,3,3,3,,1,1,0.8656,0.1553
C12,sub,2,97,75,22,2,2,2,2,,0,0,0.7732,0.2933
C12,add,3,138,645,783,3,3,3,3,1,,,0.214,0.214
C12,sub,4,3425,2224,1201,4,4,4,4,,0,0,0.6493,0.54
C12,add,4,2454,2886,5340,4,4,4,4,3,,,0.8503,0.8503
C12,sub,4,7699,5882,1817,4,4,4,4,,1,1,0.764,0.3089
C12,sub,3,532,452,80,3,3,2,3,,1,1,0.8496,0.177
C12,sub,2,74,59,15,2,2,2,2,,1,1,0.7973,0.2542
C12,sub,2,90,23,67,2,2,2,2,,1,1,0.2556,2.913
C12,sub,4,8373,3625,4748,4,4,4,4,,2,2,0.4329,1.3098
C12,add,3,754,479,1233,3,3,4,3,3,,,0.6353,1.5741
C12,add,2,68,90,158,2,2,3,2,1,,,0.7556,0.7556
C12,add,3,308,258,566,3,3,3,3,1,,,0.8377,1.1938
C12,add,4,7312,2052,9364,4,4,4,4,0,,,0.2806,3.5634
C12,sub,4,6343,5354,989,4,4,3,4,,3,3,0.8441,0.1847
C12,add,4,1112,7549,8661,4,4,4,4,1,,,0.1473,0.1473
C12,sub,3,296,188,108,3,3,3,3,,1,1,0.6351,0.5745
C12,add,2,68,27,95,2,2,2,2,1,,,0.3971,2.5185
C12,add,3,443,370,813,3,3,3,3,1,,,0.8352,1.1973
C12,sub,2,94,20,74,2,2,2,2,,0,0,0.2128,3.7
C12,sub,4,9108,8502,606,4,4,3,4,,1,1,0.9335,0.0713
C12,sub,3,229,122,107,3,3,3,3,,0,0,0.5328,0.877
C12,add,3,351,269,620,3,3,3,3,2,,,0.7664,1.3048
C12,sub,4,4966,4232,734,4,4,3,4,,0,0,0.8522,0.1734
C12,sub,3,911,244,667,3,3,3,3,,2,2,0.2678,2.7336
C12,sub,4,9269,6101,3168,4,4,4,4,,0,0,0.6582,0.5193
C12,sub,4,4843,3104,1739,4,4,4,4,,1,1,0.6409,0.5602
C12,add,2,54,27,81,2,2,2,2,1,,,0.5,2.0
C12,sub,3,861,209,652,3,3,3,3,,1,1,0.2427,3.1196
C12,sub,2,57,29,28,2,2,2,2,,1,1,0.5088,0.9655
C12,add,2,37,37,74,2,2,2,2,1,,,1.0,1.0
C12,add,3,316,119,435,3,3,3,3,1,,,0.3766,2.6555
C12,sub,3,283,193,90,3,3,2,3,,1,1,0.682,0.4663
C12,add,3,645,323,968,3,3,3,3,0,,,0.5008,1.9969
C12,sub,2,51,41,10,2,2,2,2,,0,0,0.8039,0.2439
C12,add,3,475,507,982,3,3,3,3,1,,,0.9369,0.9369
C12,add,2,74,14,88,2,2,2,2,0,,,0.1892,5.2857
C12,sub,2,98,16,82,2,2,2,2,,0,0,0.1633,5.125
C12,add,4,6477,2783,9260,4,4,4,4,3,,,0.4297,2.3273
C12,add,3,685,767,1452,3,3,4,3,3,,,0.8931,0.8931
C12,sub,3,851,818,33,3,3,2,3,,1,1,0.9612,0.0403
C12,sub,3,812,339,473,3,3,3,3,,2,2,0.4175,1.3953
C12,add,3,653,838,1491,3,3,4,3,2,,,0.7792,0.7792
C12,sub,4,7773,3377,4396,4,4,4,4,,2,2,0.4345,1.3017
C12,sub,4,5275,2990,2285,4,4,4,4,,2,2,0.5668,0.7642
C12,sub,3,731,451,280,3,3,3,3,,1,1,0.617,0.6208
C12,sub,4,6705,1626,5079,4,4,4,4,,2,2,0.2425,3.1236
C12,add,2,72,28,100,2,2,3,2,2,,,0.3889,2.5714
C12,sub,4,5631,4196,1435,4,4,4,4,,2,2,0.7452,0.342
C12,add,2,77,74,151,2,2,3,2,2,,,0.961,1.0405
C12,add,2,25,48,73,2,2,2,2,1,,,0.5208,0.5208
C12,sub,3,696,159,537,3,3,3,3,,1,1,0.2284,3.3774
C12,sub,4,9689,3223,6466,4,4,4,4,,0,0,0.3326,2.0062
C12,add,4,3372,1079,4451,4,4,4,4,2,,,0.32,3.1251
C12,add,3,400,581,981,3,3,3,3,0,,,0.6885,0.6885
C12,sub,4,3333,1701,1632,4,4,4,4,,1,1,0.5104,0.9594
C12,add,2,47,58,105,2,2,3,2,2,,,0.8103,0.8103
C12,sub,3,703,181,522,3,3,3,3,,1,1,0.2575,2.884
C12,sub,2,93,77,16,2,2,2,2,,1,1,0.828,0.2078
C12,add,2,49,85,134,2,2,3,2,2,,,0.5765,0.5765
C12,sub,2,43,21,22,2,2,2,2,,0,0,0.4884,1.0476
C12,add,4,1826,1966,3792,4,4,4,4,2,,,0.9288,0.9288
C12,add,4,1383,5690,7073,4,4,4,4,2,,,0.2431,0.2431
C12,add,3,371,864,1235,3,3,4,3,2,,,0.4294,0.4294
C12,sub,4,7305,2350,4955,4,4,4,4,,2,2,0.3217,2.1085
C12,add,3,189,112,301,3,3,3,3,2,,,0.5926,1.6875
C12,add,2,64,73,137,2,2,3,2,1,,,0.8767,0.8767
C12,sub,2,42,23,19,2,2,2,2,,1,1,0.5476,0.8261
C12,add,3,172,151,323,3,3,3,3,1,,,0.8779,1.1391
C12,sub,3,805,367,438,3,3,3,3,,2,2,0.4559,1.1935
C12,sub,4,2243,1903,340,4,4,3,4,,1,1,0.8484,0.1787
C12,add,4,7931,1395,9326,4,4,4,4,2,,,0.1759,5.6853
C12,add,2,91,89,180,2,2,3,2,2,,,0.978,1.0225
C12,add,2,70,22,92,2,2,2,2,0,,,0.3143,3.1818
C12,sub,3,825,120,705,3,3,3,3,,0,0,0.1455,5.875
C12,add,3,533,444,977,3,3,3,3,0,,,0.833,1.2005
C12,sub,3,435,423,12,3,3,2,3,,0,0,0.9724,0.0284
C12,add,3,722,943,1665,3,3,4,3,1,,,0.7656,0.7656
C12,add,2,48,37,85,2,2,2,2,1,,,0.7708,1.2973
C12,add,4,6708,2696,9404,4,4,4,4,3,,,0.4019,2.4881
C12,sub,2,98,87,11,2,2,2,2,,0,0,0.8878,0.1264
C12,sub,4,7375,6952,423,4,4,3,4,,1,1,0.9426,0.0608
C12,add,2,64,94,158,2,2,3,2,1,,,0.6809,0.6809
C12,sub,4,6801,1018,5783,4,4,4,4,,2,2,0.1497,5.6807
C12,sub,2,95,71,24,2,2,2,2,,0,0,0.7474,0.338
C12,sub,2,91,17,74,2,2,2,2,,1,1,0.1868,4.3529
C12,add,2,90,11,101,2,2,3,2,1,,,0.1222,8.1818
C12,sub,3,661,234,427,3,3,3,3,,1,1,0.354,1.8248
C12,add,2,81,16,97,2,2,2,2,0,,,0.1975,5.0625
C12,sub,3,899,656,243,3,3,3,3,,0,0,0.7297,0.3704
C12,sub,4,4735,3526,1209,4,4,4,4,,1,1,0.7447,0.3429
C12,sub,2,96,23,73,2,2,2,2,,0,0,0.2396,3.1739
C12,sub,2,77,24,53,2,2,2,2,,0,0,0.3117,2.2083
C12,sub,4,9902,5975,3927,4,4,4,4,,3,3,0.6034,0.6572
C12,add,3,363,992,1355,3,3,4,3,2,,,0.3659,0.3659
C12,sub,4,8351,6928,1423,4,4,4,4,,2,2,0.8296,0.2054
C12,sub,3,308,181,127,3,3,3,3,,1,1,0.5877,0.7017
C12,add,3,784,903,1687,3,3,4,3,1,,,0.8682,0.8682
C12,sub,2,51,16,35,2,2,2,2,,1,1,0.3137,2.1875
C12,add,2,20,69,89,2,2,2,2,0,,,0.2899,0.2899
C12,sub,3,824,503,321,3,3,3,3,,0,0,0.6104,0.6382
C12,sub,3,898,680,218,3,3,3,3,,0,0,0.7572,0.3206
C12,add,2,45,70,115,2,2,3,2,1,,,0.6429,0.6429
C12,sub,2,50,14,36,2,2,2,2,,1,1,0.28,2.5714
C12,add,4,1687,5514,7201,4,4,4,4,3,,,0.3059,0.3059
C12,sub,2,93,29,64,2,2,2,2,,1,1,0.3118,2.2069
C12,add,4,2239,4828,7067,4,4,4,4,2,,,0.4638,0.4638
C12,add,3,393,439,832,3,3,3,3,2,,,0.8952,0.8952
C12,sub,4,6069,2099,3970,4,4,4,4,,2,2,0.3459,1.8914
C12,sub,3,944,173,771,3,3,3,3,,1,1,0.1833,4.4566
C12,add,3,899,850,1749,3,3,4,3,2,,,0.9455,1.0576
C12,sub,2,89,22,67,2,2,2,2,,0,0,0.2472,3.0455
C12,sub,3,990,704,286,3,3,3,3,,1,1,0.7111,0.4062
C12,sub,4,2764,2678,86,4,4,2,4,,2,2,0.9689,0.0321
C12,add,3,873,747,1620,3,3,4,3,3,,,0.8557,1.1687
C12,add,3,930,687,1617,3,3,4,3,2,,,0.7387,1.3537
C12,sub,4,4259,1811,2448,4,4,4,4,,1,1,0.4252,1.3517
C12,add,4,2761,4969,7730,4,4,4,4,3,,,0.5556,0.5556
C12,sub,3,373,102,271,3,3,3,3,,0,0,0.2735,2.6569
C12,sub,2,68,56,12,2,2,2,2,,0,0,0.8235,0.2143
C12,add,2,98,48,146,2,2,3,2,2,,,0.4898,2.0417
C12,sub,3,652,490,162,3,3,3,3,,1,1,0.7515,0.3306
C12,sub,4,7263,4780,2483,4,4,4,4,,2,2,0.6581,0.5195
C12,sub,4,7577,2977,4600,4,4,4,4,,1,1,0.3929,1.5452
C12,add,4,8452,1416,9868,4,4,4,4,0,,,0.1675,5.9689
C12,sub,4,3620,3338,282,4,4,3,4,,2,2,0.9221,0.0845
C12,sub,4,7735,5860,1875,4,4,4,4,,2,2,0.7576,0.32
C12,sub,3,511,279,232,3,3,3,3,,2,2,0.546,0.8315
C12,sub,2,93,24,69,2,2,2,2,,1,1,0.2581,2.875
C12,sub,4,6816,6575,241,4,4,3,4,,1,1,0.9646,0.0367
C12,sub,3,560,296,264,3,3,3,3,,2,2,0.5286,0.8919
C12,add,2,24,81,105,2,2,3,2,1,,,0.2963,0.2963
C12,add,3,747,939,1686,3,3,4,3,2,,,0.7955,0.7955
C12,add,2,46,11,57,2,2,2,2,0,,,0.2391,4.1818
C12,sub,2,44,23,21,2,2,2,2,,0,0,0.5227,0.913
C12,sub,2,77,43,34,2,2,2,2,,0,0,0.5584,0.7907
C12,add,4,2476,6881,9357,4,4,4,4,2,,,0.3598,0.3598
C12,add,3,185,444,629,3,3,3,3,1,,,0.4167,0.4167
C12,sub,2,71,48,23,2,2,2,2,,1,1,0.6761,0.4792
C12,sub,3,783,479,304,3,3,3,3,,1,1,0.6117,0.6347
C12,sub,3,605,305,300,3,3,3,3,,0,0,0.5041,0.9836
C12,add,4,4434,4693,9127,4,4,4,4,2,,,0.9448,0.9448
C12,sub,2,74,29,45,2,2,2,2,,1,1,0.3919,1.5517
C12,add,2,32,41,73,2,2,2,2,0,,,0.7805,0.7805
C12,add,2,51,80,131,2,2,3,2,1,,,0.6375,0.6375
C12,sub,2,77,45,32,2,2,2,2,,0,0,0.5844,0.7111
C12,sub,3,213,100,113,3,3,3,3,,0,0,0.4695,1.13
C12,add,3,970,450,1420,3,3,4,3,2,,,0.4639,2.1556
C12,sub,3,721,100,621,3,3,3,3,,0,0,0.1387,6.21
C12,add,4,2512,2647,5159,4,4,4,4,1,,,0.949,0.949
C12,sub,3,349,260,89,3,3,2,3,,1,1,0.745,0.3423
C12,sub,3,885,420,465,3,3,3,3,,0,0,0.4746,1.1071
C12,sub,4,8773,5117,3656,4,4,4,4,,1,1,0.5833,0.7145
C12,add,4,1869,6327,8196,4,4,4,4,2,,,0.2954,0.2954
C12,add,2,93,25,118,2,2,3,2,1,,,0.2688,3.72
C12,add,3,208,171,379,3,3,3,3,0,,,0.8221,1.2164
C12,sub,3,798,473,325,3,3,3,3,,0,0,0.5927,0.6871
C12,sub,3,948,875,73,3,3,2,3,,1,1,0.923,0.0834
C12,sub,4,6199,4176,2023,4,4,4,4,,0,0,0.6737,0.4844
C12,add,3,724,636,1360,3,3,4,3,2,,,0.8785,1.1384
C12,sub,2,68,19,49,2,2,2,2,,1,1,0.2794,2.5789
C12,sub,4,5482,5234,248,4,4,3,4,,1,1,0.9548,0.0474
C12,sub,4,7034,5200,1834,4,4,4,4,,1,1,0.7393,0.3527
C12,sub,4,8579,4504,4075,4,4,4,4,,0,0,0.525,0.9048
C12,sub,2,87,35,52,2,2,2,2,,0,0,0.4023,1.4857
C12,sub,4,7144,2413,4731,4,4,4,4,,1,1,0.3378,1.9606
C12,sub,3,682,453,229,3,3,3,3,,1,1,0.6642,0.5055
C12,add,3,875,602,1477,3,3,4,3,1,,,0.688,1.4535
C12,add,2,34,75,109,2,2,3,2,1,,,0.4533,0.4533
C12,sub,2,53,36,17,2,2,2,2,,1,1,0.6792,0.4722
C12,add,2,93,75,168,2,2,3,2,1,,,0.8065,1.24
C12,add,3,981,212,1193,3,3,4,3,1,,,0.2161,4.6274
C12,sub,2,77,28,49,2,2,2,2,,1,1,0.3636,1.75
C12,sub,2,96,46,50,2,2,2,2,,0,0,0.4792,1.087
C12,add,3,455,411,866,3,3,3,3,0,,,0.9033,1.1071
C12,sub,4,3606,3213,393,4,4,3,4,,1,1,0.891,0.1223
C12,sub,4,9939,1929,8010,4,4,4,4,,0,0,0.1941,4.1524
C12,add,2,73,77,150,2,2,3,2,2,,,0.9481,0.9481
C12,add,2,54,12,66,2,2,2,2,0,,,0.2222,4.5
C12,sub,3,949,605,344,3,3,3,3,,0,0,0.6375,0.5686
C12,sub,4,7108,7013,95,4,4,2,4,,1,1,0.9866,0.0135
C12,sub,3,920,119,801,3,3,3,3,,1,1,0.1293,6.7311
C12,add,2,24,30,54,2,2,2,2,0,,,0.8,0.8
C12,sub,4,6678,5464,1214,4,4,4,4,,0,0,0.8182,0.2222
C12,add,2,71,41,112,2,2,3,2,1,,,0.5775,1.7317
C12,sub,2,82,39,43,2,2,2,2,,1,1,0.4756,1.1026
C12,add,2,37,34,71,2,2,2,2,1,,,0.9189,1.0882
C12,add,3,104,182,286,3,3,3,3,0,,,0.5714,0.5714
C12,add,2,76,41,117,2,2,3,2,1,,,0.5395,1.8537
C12,sub,4,7819,6023,1796,4,4,4,4,,1,1,0.7703,0.2982
C12,add,3,157,955,1112,3,3,4,3,3,,,0.1644,0.1644
C12,sub,4,9954,8871,1083,4,4,4,4,,1,1,0.8912,0.1221
C12,sub,4,2891,1555,1336,4,4,4,4,,1,1,0.5379,0.8592
C12,sub,2,94,54,40,2,2,2,2,,0,0,0.5745,0.7407
C12,sub,3,660,299,361,3,3,3,3,,2,2,0.453,1.2074
C12,sub,2,97,57,40,2,2,2,2,,0,0,0.5876,0.7018
C12,sub,2,49,17,32,2,2,2,2,,0,0,0.3469,1.8824
C12,sub,4,9775,7548,2227,4,4,4,4,,1,1,0.7722,0.295
C12,sub,4,3800,1801,1999,4,4,4,4,,3,3,0.4739,1.1099
C12,sub,4,4533,2542,1991,4,4,4,4,,2,2,0.5608,0.7832
C12,sub,3,926,882,44,3,3,2,3,,1,1,0.9525,0.0499
C12,add,2,47,67,114,2,2,3,2,2,,,0.7015,0.7015
C12,add,3,341,782,1123,3,3,4,3,2,,,0.4361,0.4361
C12,sub,2,91,38,53,2,2,2,2,,1,1,0.4176,1.3947
C12,sub,2,87,73,14,2,2,2,2,,0,0,0.8391,0.1918
C12,add,4,4185,1382,5567,4,4,4,4,1,,,0.3302,3.0282
C12,sub,4,3116,2942,174,4,4,3,4,,2,2,0.9442,0.0591
C12,sub,3,638,485,153,3,3,3,3,,1,1,0.7602,0.3155
C12,sub,4,7279,6545,734,4,4,3,4,,1,1,0.8992,0.1121
C12,add,2,46,81,127,2,2,3,2,1,,,0.5679,0.5679
C12,sub,4,6056,5486,570,4,4,3,4,,2,2,0.9059,0.1039
C12,add,3,277,932,1209,3,3,4,3,2,,,0.2972,0.2972
C12,sub,2,64,33,31,2,2,2,2,,0,0,0.5156,0.9394
C12,add,2,34,33,67,2,2,2,2,0,,,0.9706,1.0303
C12,sub,3,923,263,660,3,3,3,3,,1,1,0.2849,2.5095
C12,sub,2,95,62,33,2,2,2,2,,0,0,0.6526,0.5323
C12,add,4,1640,3217,4857,4,4,4,4,0,,,0.5098,0.5098
C12,sub,4,9903,8943,960,4,4,3,4,,2,2,0.9031,0.1073
C12,sub,4,7651,5753,1898,4,4,4,4,,3,3,0.7519,0.3299
C12,sub,2,45,10,35,2,2,2,2,,0,0,0.2222,3.5
C12,add,4,1245,7425,8670,4,4,4,4,1,,,0.1677,0.1677
C12,sub,2,93,39,54,2,2,2,2,,1,1,0.4194,1.3846
C12,add,3,542,199,741,3,3,3,3,2,,,0.3672,2.7236
C12,add,3,469,200,669,3,3,3,3,0,,,0.4264,2.345
C12,add,3,535,283,818,3,3,3,3,1,,,0.529,1.8905
C12,add,2,95,45,140,2,2,3,2,2,,,0.4737,2.1111
C12,add,3,120,347,467,3,3,3,3,0,,,0.3458,0.3458
C12,add,2,33,28,61,2,2,2,2,1,,,0.8485,1.1786
C12,sub,2,70,35,35,2,2,2,2,,1,1,0.5,1.0
C12,sub,3,490,259,231,3,3,3,3,,1,1,0.5286,0.8919
C12,sub,4,5047,1886,3161,4,4,4,4,,2,2,0.3737,1.676
C12,add,3,838,971,1809,3,3,4,3,2,,,0.863,0.863
C12,sub,2,74,21,53,2,2,2,2,,0,0,0.2838,2.5238
C12,sub,3,813,541,272,3,3,3,3,,1,1,0.6654,0.5028
C12,add,2,67,50,117,2,2,3,2,1,,,0.7463,1.34
C12,add,2,98,76,174,2,2,3,2,2,,,0.7755,1.2895
C12,add,2,79,99,178,2,2,3,2,2,,,0.798,0.798
C12,sub,2,86,32,54,2,2,2,2,,0,0,0.3721,1.6875
C12,add,3,684,321,1005,3,3,4,3,2,,,0.4693,2.1308
C12,sub,3,425,280,145,3,3,3,3,,1,1,0.6588,0.5179
C12,sub,4,4415,1404,3011,4,4,4,4,,0,0,0.318,2.1446
C12,sub,3,981,172,809,3,3,3,3,,1,1,0.1753,4.7035
C12,sub,3,683,405,278,3,3,3,3,,1,1,0.593,0.6864
C12,sub,3,338,247,91,3,3,2,3,,1,1,0.7308,0.3684
C12,sub,3,776,687,89,3,3,2,3,,2,2,0.8853,0.1295
C12,add,3,602,650,1252,3,3,4,3,1,,,0.9262,0.9262
C12,add,3,545,846,1391,3,3,4,3,2,,,0.6442,0.6442
C12,sub,4,8048,4039,4009,4,4,4,4,,1,1,0.5019,0.9926
C12,add,2,50,96,146,2,2,3,2,1,,,0.5208,0.5208
C12,sub,3,790,488,302,3,3,3,3,,1,1,0.6177,0.6189
C12,add,3,260,288,548,3,3,3,3,1,,,0.9028,0.9028
C12,add,3,678,275,953,3,3,3,3,2,,,0.4056,2.4655
C12,add,2,51,19,70,2,2,2,2,1,,,0.3725,2.6842
C12,add,3,363,192,555,3,3,3,3,1,,,0.5289,1.8906
C12,add,4,6536,1591,8127,4,4,4,4,2,,,0.2434,4.1081
C12,add,2,72,63,135,2,2,3,2,1,,,0.875,1.1429
C12,add,3,158,610,768,3,3,3,3,0,,,0.259,0.259
C12,add,4,3477,5479,8956,4,4,4,4,2,,,0.6346,0.6346
C12,sub,3,622,403,219,3,3,3,3,,1,1,0.6479,0.5434
C12,sub,3,636,121,515,3,3,3,3,,0,0,0.1903,4.2562
C12,sub,2,67,28,39,2,2,2,2,,1,1,0.4179,1.3929
C12,sub,2,56,23,33,2,2,2,2,,0,0,0.4107,1.4348
C12,add,3,556,872,1428,3,3,4,3,2,,,0.6376,0.6376
C12,sub,3,763,635,128,3,3,3,3,,1,1,0.8322,0.2016
C12,add,2,69,20,89,2,2,2,2,0,,,0.2899,3.45
C12,add,4,4808,5072,9880,4,4,4,4,1,,,0.9479,0.9479
C12,add,4,4869,3648,8517,4,4,4,4,3,,,0.7492,1.3347
C12,add,2,48,75,123,2,2,3,2,2,,,0.64,0.64
C12,add,3,521,941,1462,3,3,4,3,1,,,0.5537,0.5537
C12,sub,2,86,37,49,2,2,2,2,,1,1,0.4302,1.3243
C12,sub,3,608,450,158,3,3,3,3,,1,1,0.7401,0.3511
C12,sub,3,937,709,228,3,3,3,3,,1,1,0.7567,0.3216
C12,sub,4,9479,3061,6418,4,4,4,4,,0,0,0.3229,2.0967
C12,sub,4,3288,2363,925,4,4,3,4,,1,1,0.7187,0.3915
C12,add,2,20,49,69,2,2,2,2,0,,,0.4082,0.4082
C12,sub,3,569,197,372,3,3,3,3,,1,1,0.3462,1.8883
C12,sub,2,58,20,38,2,2,2,2,,0,0,0.3448,1.9
C12,sub,3,899,164,735,3,3,3,3,,0,0,0.1824,4.4817
C12,add,3,959,355,1314,3,3,4,3,3,,,0.3702,2.7014
C12,sub,2,89,69,20,2,2,2,2,,0,0,0.7753,0.2899
C12,add,4,6920,1474,8394,4,4,4,4,1,,,0.213,4.6947
C12,add,4,2861,2727,5588,4,4,4,4,1,,,0.9532,1.0491
C12,add,4,3279,6207,9486,4,4,4,4,1,,,0.5283,0.5283
C12,sub,3,961,561,400,3,3,3,3,,0,0,0.5838,0.713
C12,add,3,115,590,705,3,3,3,3,1,,,0.1949,0.1949
C12,add,2,19,45,64,2,2,2,2,1,,,0.4222,0.4222
C12,sub,3,815,489,326,3,3,3,3,,2,2,0.6,0.6667
C12,add,2,52,23,75,2,2,2,2,0,,,0.4423,2.2609
C12,sub,4,7319,3053,4266,4,4,4,4,,1,1,0.4171,1.3973
C12,add,2,66,22,88,2,2,2,2,0,,,0.3333,3.0
C12,add,4,4516,3539,8055,4,4,4,4,2,,,0.7837,1.2761
C12,add,3,731,824,1555,3,3,4,3,1,,,0.8871,0.8871
C12,sub,4,3491,1064,2427,4,4,4,4,,1,1,0.3048,2.281
C12,add,3,517,779,1296,3,3,4,3,2,,,0.6637,0.6637
C12,sub,4,5884,1517,4367,4,4,4,4,,1,1,0.2578,2.8787
C12,sub,2,26,11,15,2,2,2,2,,0,0,0.4231,1.3636
C12,add,3,104,769,873,3,3,3,3,1,,,0.1352,0.1352
C12,add,3,563,851,1414,3,3,4,3,2,,,0.6616,0.6616
C12,sub,3,395,238,157,3,3,3,3,,1,1,0.6025,0.6597
C12,add,2,11,94,105,2,2,3,2,1,,,0.117,0.117
C12,sub,2,94,32,62,2,2,2,2,,0,0,0.3404,1.9375
C12,add,2,66,36,102,2,2,3,2,2,,,0.5455,1.8333
C12,add,3,139,128,267,3,3,3,3,1,,,0.9209,1.0859
C12,add,2,93,30,123,2,2,3,2,1,,,0.3226,3.1
C12,sub,4,9360,4487,4873,4,4,4,4,,3,3,0.4794,1.086
C12,add,3,808,226,1034,3,3,4,3,2,,,0.2797,3.5752
C12,sub,3,317,150,167,3,3,3,3,,1,1,0.4732,1.1133
C12,sub,3,924,571,353,3,3,3,3,,1,1,0.618,0.6182
C12,add,3,269,286,555,3,3,3,3,2,,,0.9406,0.9406
C12,add,3,225,598,823,3,3,3,3,2,,,0.3763,0.3763
C12,sub,4,4327,1932,2395,4,4,4,4,,2,2,0.4465,1.2396
C12,sub,3,494,390,104,3,3,3,3,,0,0,0.7895,0.2667
C12,sub,3,426,219,207,3,3,3,3,,1,1,0.5141,0.9452
C12,sub,2,79,33,46,2,2,2,2,,0,0,0.4177,1.3939
C12,sub,3,670,125,545,3,3,3,3,,1,1,0.1866,4.36
C12,add,4,2143,5834,7977,4,4,4,4,0,,,0.3673,0.3673
C12,add,3,227,268,495,3,3,3,3,1,,,0.847,0.847
C12,sub,2,91,80,11,2,2,2,2,,0,0,0.8791,0.1375
C12,sub,2,82,34,48,2,2,2,2,,1,1,0.4146,1.4118
C12,sub,3,966,650,316,3,3,3,3,,0,0,0.6729,0.4862
C12,sub,2,75,60,15,2,2,2,2,,0,0,0.8,0.25
C12,sub,3,852,763,89,3,3,2,3,,2,2,0.8955,0.1166
C12,sub,4,7389,6858,531,4,4,3,4,,1,1,0.9281,0.0774
C12,sub,4,9789,7958,1831,4,4,4,4,,1,1,0.813,0.2301
C12,add,3,281,137,418,3,3,3,3,1,,,0.4875,2.0511
C12,add,4,3021,5021,8042,4,4,4,4,0,,,0.6017,0.6017
C12,sub,2,51,18,33,2,2,2,2,,1,1,0.3529,1.8333
C12,sub,3,697,252,445,3,3,3,3,,0,0,0.3615,1.7659
C12,add,3,120,776,896,3,3,3,3,0,,,0.1546,0.1546
C12,sub,4,7156,2020,5136,4,4,4,4,,0,0,0.2823,2.5426
C12,sub,4,5569,4258,1311,4,4,4,4,,0,0,0.7646,0.3079
C12,add,2,96,30,126,2,2,3,2,1,,,0.3125,3.2
C12,add,3,538,816,1354,3,3,4,3,2,,,0.6593,0.6593
C12,sub,4,4789,4400,389,4,4,3,4,,0,0,0.9188,0.0884
C12,sub,4,6186,5692,494,4,4,3,4,,2,2,0.9201,0.0868
C12,sub,2,37,17,20,2,2,2,2,,0,0,0.4595,1.1765
C12,sub,3,987,482,505,3,3,3,3,,0,0,0.4883,1.0477
C12,add,2,34,12,46,2,2,2,2,0,,,0.3529,2.8333
C12,add,3,223,690,913,3,3,3,3,1,,,0.3232,0.3232
C12,sub,2,84,28,56,2,2,2,2,,1,1,0.3333,2.0
C12,sub,2,81,65,16,2,2,2,2,,1,1,0.8025,0.2462
C12,sub,4,4739,3584,1155,4,4,4,4,,1,1,0.7563,0.3223
C12,sub,3,620,198,422,3,3,3,3,,2,2,0.3194,2.1313
C12,add,2,76,75,151,2,2,3,2,2,,,0.9868,1.0133
C12,sub,3,672,478,194,3,3,3,3,,2,2,0.7113,0.4059
C12,sub,2,90,21,69,2,2,2,2,,1,1,0.2333,3.2857
C12,add,3,636,567,1203,3,3,4,3,3,,,0.8915,1.1217
C12,add,3,912,260,1172,3,3,4,3,1,,,0.2851,3.5077
C12,sub,2,68,21,47,2,2,2,2,,0,0,0.3088,2.2381
C12,sub,2,95,32,63,2,2,2,2,,0,0,0.3368,1.9688
C12,add,4,4617,3969,8586,4,4,4,4,2,,,0.8596,1.1633
C12,sub,4,1628,1545,83,4,4,2,4,,1,1,0.949,0.0537
C12,add,2,67,52,119,2,2,3,2,1,,,0.7761,1.2885
C12,sub,3,429,163,266,3,3,3,3,,1,1,0.38,1.6319
C12,add,3,259,613,872,3,3,3,3,1,,,0.4225,0.4225
C12,add,3,298,809,1107,3,3,4,3,3,,,0.3684,0.3684
C12,sub,4,9297,7888,1409,4,4,4,4,,2,2,0.8484,0.1786
C12,add,2,82,43,125,2,2,3,2,1,,,0.5244,1.907
C12,sub,2,65,38,27,2,2,2,2,,1,1,0.5846,0.7105
C12,sub,4,8841,7161,1680,4,4,4,4,,1,1,0.81,0.2346
C12,sub,2,65,20,45,2,2,2,2,,0,0,0.3077,2.25
C12,sub,2,58,43,15,2,2,2,2,,0,0,0.7414,0.3488
C12,add,4,1899,2499,4398,4,4,4,4,3,,,0.7599,0.7599
C12,add,2,42,55,97,2,2,2,2,0,,,0.7636,0.7636
C12,sub,2,88,17,71,2,2,2,2,,0,0,0.1932,4.1765
C12,sub,3,856,282,574,3,3,3,3,,1,1,0.3294,2.0355
C12,add,3,104,285,389,3,3,3,3,0,,,0.3649,0.3649
C12,sub,2,79,24,55,2,2,2,2,,0,0,0.3038,2.2917
C12,add,2,91,79,170,2,2,3,2,2,,,0.8681,1.1519
C12,sub,3,973,540,433,3,3,3,3,,0,0,0.555,0.8019
C12,sub,4,7911,1425,6486,4,4,4,4,,2,2,0.1801,4.5516
C12,add,2,19,55,74,2,2,2,2,1,,,0.3455,0.3455
C12,sub,2,98,79,19,2,2,2,2,,1,1,0.8061,0.2405
C12,sub,2,52,36,16,2,2,2,2,,1,1,0.6923,0.4444
C12,add,3,155,151,306,3,3,3,3,1,,,0.9742,1.0265
C12,sub,2,97,40,57,2,2,2,2,,0,0,0.4124,1.425
C12,add,3,507,890,1397,3,3,4,3,1,,,0.5697,0.5697
C12,sub,4,7423,5783,1640,4,4,4,4,,2,2,0.7791,0.2836
C12,add,3,145,432,577,3,3,3,3,0,,,0.3356,0.3356
C12,add,4,2438,1383,3821,4,4,4,4,2,,,0.5673,1.7628
C12,add,2,16,32,48,2,2,2,2,0,,,0.5,0.5
C12,add,3,143,545,688,3,3,3,3,0,,,0.2624,0.2624
C12,add,2,78,41,119,2,2,3,2,1,,,0.5256,1.9024
C12,sub,3,597,175,422,3,3,3,3,,0,0,0.2931,2.4114
C12,add,3,853,266,1119,3,3,4,3,2,,,0.3118,3.2068
C12,add,3,483,506,989,3,3,3,3,0,,,0.9545,0.9545
C12,add,2,40,91,131,2,2,3,2,1,,,0.4396,0.4396
C12,add,3,445,779,1224,3,3,4,3,3,,,0.5712,0.5712
C12,sub,2,65,40,25,2,2,2,2,,0,0,0.6154,0.625
C12,add,3,720,803,1523,3,3,4,3,1,,,0.8966,0.8966
C12,sub,3,848,206,642,3,3,3,3,,0,0,0.2429,3.1165
C12,sub,4,6818,3149,3669,4,4,4,4,,2,2,0.4619,1.1651
C12,add,3,352,231,583,3,3,3,3,0,,,0.6562,1.5238
C12,add,4,4474,2438,6912,4,4,4,4,2,,,0.5449,1.8351
C12,add,2,70,15,85,2,2,2,2,0,,,0.2143,4.6667
C12,sub,3,599,268,331,3,3,3,3,,0,0,0.4474,1.2351
C12,sub,3,247,197,50,3,3,2,3,,1,1,0.7976,0.2538
C12,add,3,596,316,912,3,3,3,3,2,,,0.5302,1.8861
C12,add,4,5237,4698,9935,4,4,4,4,2,,,0.8971,1.1147
C12,sub,2,97,69,28,2,2,2,2,,1,1,0.7113,0.4058
C12,add,3,812,704,1516,3,3,4,3,1,,,0.867,1.1534
C12,sub,2,84,29,55,2,2,2,2,,1,1,0.3452,1.8966
C12,add,2,49,56,105,2,2,3,2,2,,,0.875,0.875
C12,add,4,1926,8042,9968,4,4,4,4,0,,,0.2395,0.2395
C12,add,2,75,40,115,2,2,3,2,1,,,0.5333,1.875
C12,sub,2,54,35,19,2,2,2,2,,1,1,0.6481,0.5429
C12,sub,3,515,424,91,3,3,2,3,,1,1,0.8233,0.2146
C12,sub,4,8351,3677,4674,4,4,4,4,,3,3,0.4403,1.2711
C12,add,4,1951,5962,7913,4,4,4,4,2,,,0.3272,0.3272
C12,sub,2,55,27,28,2,2,2,2,,1,1,0.4909,1.037
C12,sub,3,942,148,794,3,3,3,3,,2,2,0.1571,5.3649
C12,add,3,918,777,1695,3,3,4,3,2,,,0.8464,1.1815
C12,sub,2,64,51,13,2,2,2,2,,0,0,0.7969,0.2549
C12,add,4,3399,2652,6051,4,4,4,4,3,,,0.7802,1.2817
C12,add,2,55,53,108,2,2,3,2,1,,,0.9636,1.0377
C12,add,2,55,57,112,2,2,3,2,2,,,0.9649,0.9649
C12,add,2,75,79,154,2,2,3,2,2,,,0.9494,0.9494
C12,add,3,500,401,901,3,3,3,3,0,,,0.802,1.2469
C12,sub,3,698,554,144,3,3,3,3,,0,0,0.7937,0.2599
C12,sub,4,6326,5213,1113,4,4,4,4,,0,0,0.8241,0.2135
C12,sub,3,521,249,272,3,3,3,3,,2,2,0.4779,1.0924
C12,sub,4,1701,1319,382,4,4,3,4,,2,2,0.7754,0.2896
C12,add,3,983,951,1934,3,3,4,3,2,,,0.9674,1.0336
C12,add,3,487,437,924,3,3,3,3,2,,,0.8973,1.1144
C12,sub,4,9100,4945,4155,4,4,4,4,,3,3,0.5434,0.8402
C12,add,4,4809,3946,8755,4,4,4,4,2,,,0.8205,1.2187
C12,sub,2,93,76,17,2,2,2,2,,1,1,0.8172,0.2237
C12,add,3,603,117,720,3,3,3,3,1,,,0.194,5.1538
C12,add,2,28,47,75,2,2,2,2,1,,,0.5957,0.5957
C12,sub,2,56,20,36,2,2,2,2,,0,0,0.3571,1.8
C12,add,2,65,37,102,2,2,3,2,2,,,0.5692,1.7568
C12,sub,4,8362,1749,6613,4,4,4,4,,2,2,0.2092,3.781
C12,sub,3,713,154,559,3,3,3,3,,2,2,0.216,3.6299
C12,sub,4,7338,3879,3459,4,4,4,4,,3,3,0.5286,0.8917
C12,sub,3,999,948,51,3,3,2,3,,0,0,0.9489,0.0538
C12,sub,4,6721,4166,2555,4,4,4,4,,2,2,0.6198,0.6133
C12,add,3,632,295,927,3,3,3,3,1,,,0.4668,2.1424
C12,sub,2,38,18,20,2,2,2,2,,0,0,0.4737,1.1111
C12,sub,4,2860,1068,1792,4,4,4,4,,2,2,0.3734,1.6779
C12,sub,2,83,18,65,2,2,2,2,,1,1,0.2169,3.6111
C12,add,3,775,920,1695,3,3,4,3,1,,,0.8424,0.8424
C12,sub,4,6344,5127,1217,4,4,4,4,,1,1,0.8082,0.2374
C12,add,3,316,361,677,3,3,3,3,0,,,0.8753,0.8753
C12,add,2,55,73,128,2,2,3,2,1,,,0.7534,0.7534
C12,add,3,324,670,994,3,3,3,3,0,,,0.4836,0.4836
C12,sub,3,889,770,119,3,3,3,3,,0,0,0.8661,0.1545
C12,sub,4,9667,4251,5416,4,4,4,4,,0,0,0.4397,1.2741
C12,add,3,296,919,1215,3,3,4,3,3,,,0.3221,0.3221
C12,add,2,21,85,106,2,2,3,2,1,,,0.2471,0.2471
C12,sub,4,6709,3184,3525,4,4,4,4,,1,1,0.4746,1.1071
C12,sub,3,755,290,465,3,3,3,3,,1,1,0.3841,1.6034
C12,add,3,869,271,1140,3,3,4,3,3,,,0.3119,3.2066
C12,add,3,797,896,1693,3,3,4,3,3,,,0.8895,0.8895
C12,add,4,2402,6098,8500,4,4,4,4,2,,,0.3939,0.3939
C12,add,2,76,52,128,2,2,3,2,1,,,0.6842,1.4615
C12,add,3,126,816,942,3,3,3,3,1,,,0.1544,0.1544
C12,sub,4,9478,6927,2551,4,4,4,4,,1,1,0.7309,0.3683
C12,sub,3,968,895,73,3,3,2,3,,1,1,0.9246,0.0816
C12,sub,4,7981,6631,1350,4,4,4,4,,0,0,0.8308,0.2036
C12,sub,4,9885,2040,7845,4,4,4,4,,0,0,0.2064,3.8456
C12,sub,2,92,11,81,2,2,2,2,,0,0,0.1196,7.3636
C12,sub,4,8241,6026,2215,4,4,4,4,,1,1,0.7312,0.3676
C12,add,4,6063,3030,9093,4,4,4,4,0,,,0.4998,2.001
C12,sub,4,4100,2726,1374,4,4,4,4,,3,3,0.6649,0.504
C12,add,3,649,752,1401,3,3,4,3,3,,,0.863,0.863
C12,sub,4,4223,2523,1700,4,4,4,4,,1,1,0.5974,0.6738
C12,add,3,908,653,1561,3,3,4,3,2,,,0.7192,1.3905
C12,sub,2,96,49,47,2,2,2,2,,1,1,0.5104,0.9592
C12,add,2,12,27,39,2,2,2,2,0,,,0.4444,0.4444
C12,sub,4,3969,1807,2162,4,4,4,4,,0,0,0.4553,1.1965
C12,add,2,43,34,77,2,2,2,2,0,,,0.7907,1.2647
C12,add,4,3580,1322,4902,4,4,4,4,1,,,0.3693,2.708
C12,sub,2,60,23,37,2,2,2,2,,1,1,0.3833,1.6087
C12,sub,4,9146,2846,6300,4,4,4,4,,1,1,0.3112,2.2136
C12,sub,4,8989,1611,7378,4,4,4,4,,0,0,0.1792,4.5798
C12,add,2,29,28,57,2,2,2,2,1,,,0.9655,1.0357
C12,sub,2,33,14,19,2,2,2,2,,1,1,0.4242,1.3571
C12,add,3,992,859,1851,3,3,4,3,3,,,0.8659,1.1548
C12,sub,4,5702,4837,865,4,4,3,4,,3,3,0.8483,0.1788
C12,sub,2,74,57,17,2,2,2,2,,1,1,0.7703,0.2982
C12,sub,4,9720,7166,2554,4,4,4,4,,2,2,0.7372,0.3564
C12,add,4,4980,2620,7600,4,4,4,4,2,,,0.5261,1.9008
C12,add,2,56,59,115,2,2,3,2,2,,,0.9492,0.9492
C12,sub,3,918,671,247,3,3,3,3,,1,1,0.7309,0.3681
C12,sub,2,98,50,48,2,2,2,2,,0,0,0.5102,0.96
C12,add,4,3670,3041,6711,4,4,4,4,1,,,0.8286,1.2068
C12,add,2,55,90,145,2,2,3,2,1,,,0.6111,0.6111
C12,sub,4,9033,8385,648,4,4,3,4,,3,3,0.9283,0.0773
C12,sub,4,2620,2495,125,4,4,3,4,,2,2,0.9523,0.0501
C12,add,3,549,368,917,3,3,3,3,2,,,0.6703,1.4918
C12,add,4,4089,3558,7647,4,4,4,4,2,,,0.8701,1.1492
C12,sub,2,66,39,27,2,2,2,2,,1,1,0.5909,0.6923
C12,sub,3,332,313,19,3,3,2,3,,1,1,0.9428,0.0607
C12,sub,2,92,27,65,2,2,2,2,,1,1,0.2935,2.4074
C12,add,4,4641,1520,6161,4,4,4,4,1,,,0.3275,3.0533
C12,sub,2,98,32,66,2,2,2,2,,0,0,0.3265,2.0625
C12,sub,3,821,145,676,3,3,3,3,,2,2,0.1766,4.6621
C12,sub,4,6551,3551,3000,4,4,4,4,,0,0,0.5421,0.8448
C12,sub,2,81,11,70,2,2,2,2,,0,0,0.1358,6.3636
C12,add,2,22,47,69,2,2,2,2,0,,,0.4681,0.4681
C12,sub,4,7223,6456,767,4,4,3,4,,3,3,0.8938,0.1188
C12,sub,3,771,578,193,3,3,3,3,,2,2,0.7497,0.3339
C12,sub,3,525,513,12,3,3,2,3,,0,0,0.9771,0.0234
C12,sub,2,50,17,33,2,2,2,2,,1,1,0.34,1.9412
C12,add,2,29,54,83,2,2,2,2,1,,,0.537,0.537
C12,sub,3,620,440,180,3,3,3,3,,1,1,0.7097,0.4091
C12,add,2,92,88,180,2,2,3,2,2,,,0.9565,1.0455
C12,sub,3,759,701,58,3,3,2,3,,0,0,0.9236,0.0827
C12,sub,4,8199,6716,1483,4,4,4,4,,1,1,0.8191,0.2208
C12,sub,2,65,41,24,2,2,2,2,,0,0,0.6308,0.5854
C12,add,2,40,88,128,2,2,3,2,1,,,0.4545,0.4545
C12,add,4,1707,8142,9849,4,4,4,4,0,,,0.2097,0.2097
C12,sub,3,640,367,273,3,3,3,3,,2,2,0.5734,0.7439
C12,sub,4,6819,1072,5747,4,4,4,4,,1,1,0.1572,5.361
C12,sub,3,747,561,186,3,3,3,3,,1,1,0.751,0.3316
C12,add,2,41,32,73,2,2,2,2,0,,,0.7805,1.2812
C12,sub,2,93,43,50,2,2,2,2,,0,0,0.4624,1.1628
C12,sub,4,3839,2518,1321,4,4,4,4,,0,0,0.6559,0.5246
C12,add,3,352,423,775,3,3,3,3,0,,,0.8322,0.8322
C12,sub,2,82,62,20,2,2,2,2,,0,0,0.7561,0.3226
C12,add,2,82,98,180,2,2,3,2,2,,,0.8367,0.8367
C12,sub,4,6883,6807,76,4,4,2,4,,1,1,0.989,0.0112
C12,add,2,75,14,89,2,2,2,2,0,,,0.1867,5.3571
C12,sub,4,4519,3462,1057,4,4,4,4,,1,1,0.7661,0.3053
C12,add,3,138,341,479,3,3,3,3,0,,,0.4047,0.4047
C12,add,4,4712,1819,6531,4,4,4,4,2,,,0.386,2.5904
C12,add,3,566,795,1361,3,3,4,3,3,,,0.7119,0.7119
C12,sub,4,4525,4139,386,4,4,3,4,,2,2,0.9147,0.0933
C12,add,3,718,656,1374,3,3,4,3,2,,,0.9136,1.0945
C12,add,2,79,39,118,2,2,3,2,2,,,0.4937,2.0256
C12,add,2,25,90,115,2,2,3,2,1,,,0.2778,0.2778
C12,sub,4,8196,1048,7148,4,4,4,4,,1,1,0.1279,6.8206
C12,sub,4,9967,8727,1240,4,4,4,4,,0,0,0.8756,0.1421
C12,sub,2,93,68,25,2,2,2,2,,1,1,0.7312,0.3676
C12,sub,3,985,663,322,3,3,3,3,,0,0,0.6731,0.4857
C12,add,4,7634,1006,8640,4,4,4,4,1,,,0.1318,7.5885
C12,add,3,293,676,969,3,3,3,3,1,,,0.4334,0.4334
C12,sub,2,64,21,43,2,2,2,2,,0,0,0.3281,2.0476
C12,add,2,10,64,74,2,2,2,2,0,,,0.1562,0.1562
C12,sub,2,83,67,16,2,2,2,2,,1,1,0.8072,0.2388
C12,add,2,59,32,91,2,2,2,2,1,,,0.5424,1.8438
C12,add,3,663,794,1457,3,3,4,3,2,,,0.835,0.835
C12,sub,4,6769,2359,4410,4,4,4,4,,0,0,0.3485,1.8694
C12,add,2,88,69,157,2,2,3,2,2,,,0.7841,1.2754
C12,add,2,75,52,127,2,2,3,2,1,,,0.6933,1.4423
C12,sub,2,78,59,19,2,2,2,2,,1,1,0.7564,0.322
C12,add,4,7782,1824,9606,4,4,4,4,2,,,0.2344,4.2664
C12,sub,4,5528,3613,1915,4,4,4,4,,1,1,0.6536,0.53
C12,add,2,76,38,114,2,2,3,2,2,,,0.5,2.0
C12,sub,2,98,35,63,2,2,2,2,,0,0,0.3571,1.8
C12,sub,2,80,47,33,2,2,2,2,,1,1,0.5875,0.7021
C12,add,3,455,101,556,3,3,3,3,0,,,0.222,4.505
C12,add,3,391,470,861,3,3,3,3,1,,,0.8319,0.8319
C12,add,4,4731,3356,8087,4,4,4,4,1,,,0.7094,1.4097
C12,sub,4,8297,3448,4849,4,4,4,4,,2,2,0.4156,1.4063
C12,sub,3,648,433,215,3,3,3,3,,0,0,0.6682,0.4965
C12,sub,4,5673,3289,2384,4,4,4,4,,2,2,0.5798,0.7248
C12,add,3,609,901,1510,3,3,4,3,2,,,0.6759,0.6759
C12,add,3,176,874,1050,3,3,4,3,3,,,0.2014,0.2014
C12,sub,3,895,546,349,3,3,3,3,,1,1,0.6101,0.6392
C12,sub,4,7717,4887,2830,4,4,4,4,,2,2,0.6333,0.5791
C12,sub,2,84,66,18,2,2,2,2,,1,1,0.7857,0.2727
C12,add,2,24,86,110,2,2,3,2,2,,,0.2791,0.2791
C12,sub,2,31,21,10,2,2,2,2,,0,0,0.6774,0.4762
C12,add,4,5287,1205,6492,4,4,4,4,1,,,0.2279,4.3876
C12,add,3,569,683,1252,3,3,4,3,3,,,0.8331,0.8331
C12,sub,2,68,57,11,2,2,2,2,,0,0,0.8382,0.193
C12,add,3,427,863,1290,3,3,4,3,2,,,0.4948,0.4948
C12,sub,2,38,10,28,2,2,2,2,,0,0,0.2632,2.8
C12,add,2,41,57,98,2,2,2,2,0,,,0.7193,0.7193
C12,sub,3,610,356,254,3,3,3,3,,2,2,0.5836,0.7135
C12,sub,4,1376,1284,92,4,4,2,4,,1,1,0.9331,0.0717
C12,sub,3,644,433,211,3,3,3,3,,0,0,0.6724,0.4873
C12,add,2,70,22,92,2,2,2,2,0,,,0.3143,3.1818
C12,sub,2,72,25,47,2,2,2,2,,1,1,0.3472,1.88
C12,sub,3,963,539,424,3,3,3,3,,1,1,0.5597,0.7866
C12,sub,3,940,205,735,3,3,3,3,,1,1,0.2181,3.5854
C12,add,4,1222,2314,3536,4,4,4,4,0,,,0.5281,0.5281
C12,sub,3,801,168,633,3,3,3,3,,2,2,0.2097,3.7679
C12,sub,4,5836,2095,3741,4,4,4,4,,1,1,0.359,1.7857
C12,sub,3,777,267,510,3,3,3,3,,0,0,0.3436,1.9101
C12,sub,2,94,15,79,2,2,2,2,,1,1,0.1596,5.2667
C12,sub,4,9674,6596,3078,4,4,4,4,,2,2,0.6818,0.4666
C12,sub,3,404,174,230,3,3,3,3,,1,1,0.4307,1.3218
C12,add,2,41,52,93,2,2,2,2,0,,,0.7885,0.7885
C12,add,3,296,481,777,3,3,3,3,1,,,0.6154,0.6154
C12,add,2,13,87,100,2,2,3,2,2,,,0.1494,0.1494
C12,add,4,7056,2469,9525,4,4,4,4,2,,,0.3499,2.8578
C12,add,3,152,908,1060,3,3,4,3,2,,,0.1674,0.1674
C12,add,3,337,298,635,3,3,3,3,2,,,0.8843,1.1309
C12,add,3,481,574,1055,3,3,4,3,2,,,0.838,0.838
C12,sub,3,722,654,68,3,3,2,3,,2,2,0.9058,0.104
C12,sub,3,526,130,396,3,3,3,3,,1,1,0.2471,3.0462
C12,sub,2,51,15,36,2,2,2,2,,1,1,0.2941,2.4
C12,add,2,39,20,59,2,2,2,2,0,,,0.5128,1.95
C12,add,4,3354,4166,7520,4,4,4,4,2,,,0.8051,0.8051
C12,sub,3,968,458,510,3,3,3,3,,0,0,0.4731,1.1135
C12,add,2,63,40,103,2,2,3,2,1,,,0.6349,1.575
C12,add,3,535,140,675,3,3,3,3,0,,,0.2617,3.8214
C12,add,2,90,98,188,2,2,3,2,1,,,0.9184,0.9184
C12,sub,2,56,34,22,2,2,2,2,,0,0,0.6071,0.6471
C12,sub,3,810,478,332,3,3,3,3,,2,2,0.5901,0.6946
C12,add,2,10,23,33,2,2,2,2,0,,,0.4348,0.4348
C12,sub,2,63,41,22,2,2,2,2,,0,0,0.6508,0.5366
C12,sub,2,83,25,58,2,2,2,2,,1,1,0.3012,2.32
C12,sub,4,9710,7481,2229,4,4,4,4,,2,2,0.7704,0.298
C12,sub,3,890,379,511,3,3,3,3,,1,1,0.4258,1.3483
C12,sub,4,4895,1442,3453,4,4,4,4,,0,0,0.2946,2.3946
C12,sub,3,610,515,95,3,3,2,3,,2,2,0.8443,0.1845
C12,add,3,313,488,801,3,3,3,3,2,,,0.6414,0.6414
C12,add,2,72,43,115,2,2,3,2,1,,,0.5972,1.6744
C12,sub,4,8718,6766,1952,4,4,4,4,,2,2,0.7761,0.2885
C12,add,3,867,861,1728,3,3,4,3,2,,,0.9931,1.007
C12,sub,4,1741,1475,266,4,4,3,4,,2,2,0.8472,0.1803
C12,sub,4,8986,5478,3508,4,4,4,4,,1,1,0.6096,0.6404
C12,sub,2,94,41,53,2,2,2,2,,0,0,0.4362,1.2927
C12,sub,3,605,202,403,3,3,3,3,,0,0,0.3339,1.995
C12,sub,3,793,490,303,3,3,3,3,,0,0,0.6179,0.6184
C12,add,3,864,750,1614,3,3,4,3,2,,,0.8681,1.152
C12,sub,2,59,36,23,2,2,2,2,,0,0,0.6102,0.6389
C12,sub,2,75,21,54,2,2,2,2,,0,0,0.28,2.5714
C12,sub,3,647,216,431,3,3,3,3,,0,0,0.3338,1.9954
C12,sub,4,9923,2376,7547,4,4,4,4,,2,2,0.2394,3.1763
C12,add,3,985,267,1252,3,3,4,3,3,,,0.2711,3.6891
C12,sub,4,5349,2422,2927,4,4,4,4,,1,1,0.4528,1.2085
C12,add,3,332,606,938,3,3,3,3,0,,,0.5479,0.5479
C12,add,4,1183,4964,6147,4,4,4,4,2,,,0.2383,0.2383
C12,sub,3,723,680,43,3,3,2,3,,1,1,0.9405,0.0632
C12,sub,3,560,228,332,3,3,3,3,,1,1,0.4071,1.4561
C12,add,3,302,474,776,3,3,3,3,0,,,0.6371,0.6371
C12,sub,4,9461,2239,7222,4,4,4,4,,1,1,0.2367,3.2255
C12,add,2,29,48,77,2,2,2,2,1,,,0.6042,0.6042
C12,sub,4,4916,4715,201,4,4,3,4,,0,0,0.9591,0.0426
C12,sub,4,5515,1288,4227,4,4,4,4,,2,2,0.2335,3.2818
C12,sub,2,92,38,54,2,2,2,2,,1,1,0.413,1.4211
C12,sub,4,7501,2563,4938,4,4,4,4,,3,3,0.3417,1.9266
C12,add,4,3761,3634,7395,4,4,4,4,1,,,0.9662,1.0349
C12,sub,3,843,385,458,3,3,3,3,,2,2,0.4567,1.1896
C12,add,2,19,55,74,2,2,2,2,1,,,0.3455,0.3455
C12,add,3,615,889,1504,3,3,4,3,3,,,0.6918,0.6918
C12,sub,4,9214,1836,7378,4,4,4,4,,3,3,0.1993,4.0185
C12,add,2,22,35,57,2,2,2,2,0,,,0.6286,0.6286
C12,sub,3,629,532,97,3,3,2,3,,1,1,0.8458,0.1823
C12,sub,4,5805,2378,3427,4,4,4,4,,2,2,0.4096,1.4411
C12,add,2,84,26,110,2,2,3,2,2,,,0.3095,3.2308
C12,sub,3,948,637,311,3,3,3,3,,0,0,0.6719,0.4882
C12,add,2,52,94,146,2,2,3,2,1,,,0.5532,0.5532
C12,add,3,651,162,813,3,3,3,3,1,,,0.2488,4.0185
C12,sub,3,224,142,82,3,3,2,3,,1,1,0.6339,0.5775
C12,add,3,991,153,1144,3,3,4,3,2,,,0.1544,6.4771
C12,add,3,617,735,1352,3,3,4,3,2,,,0.8395,0.8395
C12,add,2,66,89,155,2,2,3,2,2,,,0.7416,0.7416
C12,sub,4,4213,3569,644,4,4,3,4,,3,3,0.8471,0.1804
C12,add,2,50,28,78,2,2,2,2,0,,,0.56,1.7857
C12,add,4,5925,2831,8756,4,4,4,4,1,,,0.4778,2.0929
C12,sub,3,707,346,361,3,3,3,3,,1,1,0.4894,1.0434
C12,add,3,912,474,1386,3,3,4,3,1,,,0.5197,1.9241
C12,add,2,51,42,93,2,2,2,2,0,,,0.8235,1.2143
C12,add,2,56,29,85,2,2,2,2,1,,,0.5179,1.931
C12,sub,2,55,37,18,2,2,2,2,,1,1,0.6727,0.4865
C12,sub,2,59,41,18,2,2,2,2,,0,0,0.6949,0.439
C12,sub,4,5366,2333,3033,4,4,4,4,,0,0,0.4348,1.3
C12,add,2,27,80,107,2,2,3,2,1,,,0.3375,0.3375
C12,add,4,7919,1667,9586,4,4,4,4,2,,,0.2105,4.7504
C12,sub,3,800,586,214,3,3,3,3,,2,2,0.7325,0.3652
C12,sub,2,38,11,27,2,2,2,2,,0,0,0.2895,2.4545
C12,add,3,381,198,579,3,3,3,3,1,,,0.5197,1.9242
C12,sub,4,4666,3790,876,4,4,3,4,,2,2,0.8123,0.2311
C12,add,2,15,69,84,2,2,2,2,1,,,0.2174,0.2174
C12,sub,4,2542,2413,129,4,4,3,4,,1,1,0.9493,0.0535
C12,add,3,309,213,522,3,3,3,3,1,,,0.6893,1.4507
C12,add,3,179,643,822,3,3,3,3,2,,,0.2784,0.2784
C12,sub,4,6965,5243,1722,4,4,4,4,,0,0,0.7528,0.3284
C12,sub,3,669,176,493,3,3,3,3,,1,1,0.2631,2.8011
C12,sub,3,557,385,172,3,3,3,3,,1,1,0.6912,0.4468
C12,sub,2,98,44,54,2,2,2,2,,0,0,0.449,1.2273
C12,sub,3,963,491,472,3,3,3,3,,1,1,0.5099,0.9613
C12,sub,4,7392,3777,3615,4,4,4,4,,2,2,0.511,0.9571
C12,sub,4,6860,1281,5579,4,4,4,4,,2,2,0.1867,4.3552
C12,sub,3,925,314,611,3,3,3,3,,0,0,0.3395,1.9459
C12,add,2,29,67,96,2,2,2,2,1,,,0.4328,0.4328
C12,sub,3,944,494,450,3,3,3,3,,1,1,0.5233,0.9109
C12,sub,2,35,19,16,2,2,2,2,,1,1,0.5429,0.8421
C12,sub,2,85,39,46,2,2,2,2,,1,1,0.4588,1.1795
C12,add,3,501,236,737,3,3,3,3,0,,,0.4711,2.1229
C12,add,3,604,176,780,3,3,3,3,1,,,0.2914,3.4318
C12,add,3,445,868,1313,3,3,4,3,3,,,0.5127,0.5127
C12,add,4,1444,5719,7163,4,4,4,4,2,,,0.2525,0.2525
C12,add,4,1396,2292,3688,4,4,4,4,1,,,0.6091,0.6091
C12,sub,2,96,57,39,2,2,2,2,,1,1,0.5938,0.6842
C12,sub,3,808,343,465,3,3,3,3,,1,1,0.4245,1.3557
C12,add,3,562,312,874,3,3,3,3,0,,,0.5552,1.8013
C12,sub,3,789,146,643,3,3,3,3,,0,0,0.185,4.4041
C12,sub,4,5610,1054,4556,4,4,4,4,,2,2,0.1879,4.3226
C12,sub,4,7402,1839,5563,4,4,4,4,,3,3,0.2484,3.025
C12,sub,3,807,718,89,3,3,2,3,,2,2,0.8897,0.124
C12,add,4,3741,2861,6602,4,4,4,4,2,,,0.7648,1.3076
C12,add,2,78,10,88,2,2,2,2,0,,,0.1282,7.8
C12,add,3,713,700,1413,3,3,4,3,1,,,0.9818,1.0186
C12,sub,4,7715,5984,1731,4,4,4,4,,2,2,0.7756,0.2893
C12,sub,2,79,40,39,2,2,2,2,,0,0,0.5063,0.975
C12,sub,4,4428,3531,897,4,4,3,4,,2,2,0.7974,0.254
C12,sub,4,9763,1378,8385,4,4,4,4,,2,2,0.1411,6.0849
C12,add,2,32,71,103,2,2,3,2,1,,,0.4507,0.4507
C12,add,4,2129,1629,3758,4,4,4,4,1,,,0.7651,1.3069
C12,add,4,1496,8411,9907,4,4,4,4,1,,,0.1779,0.1779
C12,add,3,248,128,376,3,3,3,3,1,,,0.5161,1.9375
C12,add,2,66,92,158,2,2,3,2,1,,,0.7174,0.7174
C12,sub,3,932,308,624,3,3,3,3,,1,1,0.3305,2.026
C12,sub,4,8551,5614,2937,4,4,4,4,,2,2,0.6565,0.5232
C12,add,3,679,880,1559,3,3,4,3,2,,,0.7716,0.7716
C12,sub,2,94,55,39,2,2,2,2,,1,1,0.5851,0.7091
C12,sub,4,9552,3314,6238,4,4,4,4,,1,1,0.3469,1.8823
C12,sub,3,997,860,137,3,3,3,3,,0,0,0.8626,0.1593
C12,sub,4,6268,3701,2567,4,4,4,4,,1,1,0.5905,0.6936
C12,sub,4,3922,2307,1615,4,4,4,4,,1,1,0.5882,0.7
C12,sub,2,39,24,15,2,2,2,2,,0,0,0.6154,0.625
C12,add,4,2049,5795,7844,4,4,4,4,2,,,0.3536,0.3536
C12,add,2,16,84,100,2,2,3,2,2,,,0.1905,0.1905
C12,sub,2,82,31,51,2,2,2,2,,0,0,0.378,1.6452
C12,sub,2,98,62,36,2,2,2,2,,0,0,0.6327,0.5806
C12,add,4,5625,1010,6635,4,4,4,4,0,,,0.1796,5.5693
C12,add,4,2136,5695,7831,4,4,4,4,2,,,0.3751,0.3751
C12,sub,3,962,775,187,3,3,3,3,,2,2,0.8056,0.2413
C12,add,2,62,93,155,2,2,3,2,1,,,0.6667,0.6667
C12,sub,4,4158,3448,710,4,4,3,4,,1,1,0.8292,0.2059
C12,sub,4,6305,5723,582,4,4,3,4,,2,2,0.9077,0.1017
C12,add,2,75,10,85,2,2,2,2,0,,,0.1333,7.5
C12,add,2,70,41,111,2,2,3,2,1,,,0.5857,1.7073
C12,add,3,678,425,1103,3,3,4,3,3,,,0.6268,1.5953
C12,sub,3,898,820,78,3,3,2,3,,0,0,0.9131,0.0951
C12,sub,3,944,787,157,3,3,3,3,,2,2,0.8337,0.1995
C12,sub,2,36,14,22,2,2,2,2,,0,0,0.3889,1.5714
C12,sub,2,78,12,66,2,2,2,2,,0,0,0.1538,5.5
C12,sub,3,875,352,523,3,3,3,3,,0,0,0.4023,1.4858
C12,add,3,465,947,1412,3,3,4,3,3,,,0.491,0.491
C12,sub,3,488,322,166,3,3,3,3,,0,0,0.6598,0.5155
C12,sub,4,5747,3548,2199,4,4,4,4,,2,2,0.6174,0.6198
C12,sub,3,581,480,101,3,3,3,3,,0,0,0.8262,0.2104
C12,add,3,592,188,780,3,3,3,3,2,,,0.3176,3.1489
C12,add,2,41,17,58,2,2,2,2,0,,,0.4146,2.4118
C12,sub,3,955,331,624,3,3,3,3,,0,0,0.3466,1.8852
C12,sub,3,363,326,37,3,3,2,3,,1,1,0.8981,0.1135
C12,sub,4,4049,2449,1600,4,4,4,4,,1,1,0.6048,0.6533
C12,sub,2,87,11,76,2,2,2,2,,0,0,0.1264,6.9091
C12,add,4,4664,5130,9794,4,4,4,4,0,,,0.9092,0.9092
C12,add,2,46,78,124,2,2,3,2,2,,,0.5897,0.5897
C12,sub,3,728,589,139,3,3,3,3,,2,2,0.8091,0.236
C12,add,3,171,815,986,3,3,3,3,0,,,0.2098,0.2098
C12,add,2,32,60,92,2,2,2,2,0,,,0.5333,0.5333
C12,add,4,2236,1753,3989,4,4,4,4,0,,,0.784,1.2755
C12,sub,3,340,173,167,3,3,3,3,,2,2,0.5088,0.9653
C12,sub,3,721,231,490,3,3,3,3,,1,1,0.3204,2.1212
C12,add,3,268,871,1139,3,3,4,3,2,,,0.3077,0.3077
C12,sub,2,78,32,46,2,2,2,2,,0,0,0.4103,1.4375
C12,sub,2,58,34,24,2,2,2,2,,0,0,0.5862,0.7059
C12,add,4,2177,5544,7721,4,4,4,4,2,,,0.3927,0.3927
C12,sub,2,92,77,15,2,2,2,2,,1,1,0.837,0.1948
C12,add,3,110,828,938,3,3,3,3,0,,,0.1329,0.1329
C12,add,4,1376,8224,9600,4,4,4,4,2,,,0.1673,0.1673
C12,sub,2,85,62,23,2,2,2,2,,0,0,0.7294,0.371
C12,add,4,4480,2336,6816,4,4,4,4,1,,,0.5214,1.9178
C12,add,2,83,75,158,2,2,3,2,1,,,0.9036,1.1067
C12,sub,4,8601,7561,1040,4,4,4,4,,1,1,0.8791,0.1375
C12,sub,4,7684,4041,3643,4,4,4,4,,0,0,0.5259,0.9015
C12,add,4,5523,1763,7286,4,4,4,4,1,,,0.3192,3.1327
C12,add,3,963,671,1634,3,3,4,3,2,,,0.6968,1.4352
C12,sub,3,985,769,216,3,3,3,3,,1,1,0.7807,0.2809
C12,sub,3,957,861,96,3,3,2,3,,1,1,0.8997,0.1115
C12,add,2,16,79,95,2,2,2,2,1,,,0.2025,0.2025
C12,add,2,79,33,112,2,2,3,2,2,,,0.4177,2.3939
C12,add,2,68,46,114,2,2,3,2,2,,,0.6765,1.4783
C12,sub,3,791,422,369,3,3,3,3,,1,1,0.5335,0.8744
C12,add,2,21,61,82,2,2,2,2,0,,,0.3443,0.3443
C12,add,2,63,15,78,2,2,2,2,0,,,0.2381,4.2
C12,sub,3,608,115,493,3,3,3,3,,1,1,0.1891,4.287
C12,add,2,72,16,88,2,2,2,2,0,,,0.2222,4.5
C12,sub,4,9686,1275,8411,4,4,4,4,,0,0,0.1316,6.5969
C12,sub,4,3119,2084,1035,4,4,4,4,,1,1,0.6682,0.4966
C12,sub,4,8174,7183,991,4,4,3,4,,2,2,0.8788,0.138
C12,sub,2,65,44,21,2,2,2,2,,0,0,0.6769,0.4773
C12,sub,2,46,26,20,2,2,2,2,,0,0,0.5652,0.7692
C12,add,2,43,31,74,2,2,2,2,0,,,0.7209,1.3871
C12,add,3,175,604,779,3,3,3,3,0,,,0.2897,0.2897
C12,sub,4,2395,1451,944,4,4,3,4,,1,1,0.6058,0.6506
C12,sub,3,941,657,284,3,3,3,3,,2,2,0.6982,0.4323
C12,add,4,8350,1403,9753,4,4,4,4,0,,,0.168,5.9515
C12,sub,3,734,169,565,3,3,3,3,,2,2,0.2302,3.3432
C12,add,4,3388,5366,8754,4,4,4,4,2,,,0.6314,0.6314
C12,sub,3,868,195,673,3,3,3,3,,1,1,0.2247,3.4513
C12,sub,2,99,77,22,2,2,2,2,,0,0,0.7778,0.2857
C12,add,4,7149,2329,9478,4,4,4,4,1,,,0.3258,3.0696
C12,add,2,35,12,47,2,2,2,2,0,,,0.3429,2.9167
C12,sub,4,6156,2918,3238,4,4,4,4,,2,2,0.474,1.1097
C12,sub,4,8356,4619,3737,4,4,4,4,,2,2,0.5528,0.809
C12,add,3,113,713,826,3,3,3,3,0,,,0.1585,0.1585
C12,sub,2,64,54,10,2,2,2,2,,0,0,0.8438,0.1852
C12,sub,3,405,334,71,3,3,2,3,,1,1,0.8247,0.2126
C12,add,4,3116,6870,9986,4,4,4,4,0,,,0.4536,0.4536
C12,add,3,587,852,1439,3,3,4,3,2,,,0.689,0.689
C12,add,3,954,233,1187,3,3,4,3,1,,,0.2442,4.0944
C12,add,2,62,45,107,2,2,3,2,1,,,0.7258,1.3778
C12,sub,4,5886,1029,4857,4,4,4,4,,1,1,0.1748,4.7201
C12,add,4,1868,1786,3654,4,4,4,4,3,,,0.9561,1.0459
C12,add,3,109,308,417,3,3,3,3,1,,,0.3539,0.3539
C12,add,3,198,106,304,3,3,3,3,2,,,0.5354,1.8679
C12,add,4,3265,1367,4632,4,4,4,4,2,,,0.4187,2.3884
C12,sub,4,9909,7876,2033,4,4,4,4,,1,1,0.7948,0.2581
C12,add,3,322,115,437,3,3,3,3,0,,,0.3571,2.8
C12,add,4,1277,4083,5360,4,4,4,4,2,,,0.3128,0.3128
C12,sub,4,5279,3090,2189,4,4,4,4,,1,1,0.5853,0.7084
C12,add,2,51,53,104,2,2,3,2,1,,,0.9623,0.9623
C12,sub,4,8432,8042,390,4,4,3,4,,1,1,0.9537,0.0485
C12,add,2,36,60,96,2,2,2,2,0,,,0.6,0.6
C12,add,2,15,92,107,2,2,3,2,1,,,0.163,0.163
C12,sub,4,7303,2305,4998,4,4,4,4,,3,3,0.3156,2.1683
C12,sub,3,435,253,182,3,3,3,3,,1,1,0.5816,0.7194
C12,sub,4,9813,3499,6314,4,4,4,4,,2,2,0.3566,1.8045
C12,sub,2,91,21,70,2,2,2,2,,0,0,0.2308,3.3333
C12,sub,3,522,439,83,3,3,2,3,,2,2,0.841,0.1891
C12,sub,3,633,411,222,3,3,3,3,,0,0,0.6493,0.5401
C12,sub,4,9945,8432,1513,4,4,4,4,,0,0,0.8479,0.1794
C12,add,3,928,166,1094,3,3,4,3,2,,,0.1789,5.5904
C12,sub,2,78,42,36,2,2,2,2,,0,0,0.5385,0.8571
C12,sub,3,486,326,160,3,3,3,3,,0,0,0.6708,0.4908
C12,add,2,64,56,120,2,2,3,2,2,,,0.875,1.1429
C12,add,3,332,202,534,3,3,3,3,0,,,0.6084,1.6436
C12,add,2,24,44,68,2,2,2,2,0,,,0.5455,0.5455
C12,sub,3,743,397,346,3,3,3,3,,2,2,0.5343,0.8715
C12,sub,3,357,257,100,3,3,3,3,,0,0,0.7199,0.3891
C12,add,4,7635,2298,9933,4,4,4,4,2,,,0.301,3.3225
C12,sub,2,83,69,14,2,2,2,2,,1,1,0.8313,0.2029
C12,add,3,824,642,1466,3,3,4,3,1,,,0.7791,1.2835
C12,sub,3,913,666,247,3,3,3,3,,2,2,0.7295,0.3709
C12,add,2,81,56,137,2,2,3,2,1,,,0.6914,1.4464
C12,sub,3,701,615,86,3,3,2,3,,2,2,0.8773,0.1398
C12,sub,3,513,385,128,3,3,3,3,,2,2,0.7505,0.3325
C12,add,3,218,757,975,3,3,3,3,1,,,0.288,0.288
C12,sub,2,99,18,81,2,2,2,2,,0,0,0.1818,4.5
C12,add,4,4762,1163,5925,4,4,4,4,1,,,0.2442,4.0946
C12,sub,3,822,714,108,3,3,3,3,,1,1,0.8686,0.1513
C12,add,2,52,85,137,2,2,3,2,1,,,0.6118,0.6118
C12,add,3,590,101,691,3,3,3,3,0,,,0.1712,5.8416
C12,add,2,16,79,95,2,2,2,2,1,,,0.2025,0.2025
C12,add,3,920,643,1563,3,3,4,3,1,,,0.6989,1.4308
C12,sub,2,88,77,11,2,2,2,2,,0,0,0.875,0.1429
C12,add,3,381,929,1310,3,3,4,3,3,,,0.4101,0.4101
C12,add,3,622,311,933,3,3,3,3,0,,,0.5,2.0
C12,sub,3,968,366,602,3,3,3,3,,0,0,0.3781,1.6448
C12,sub,4,6528,1142,5386,4,4,4,4,,1,1,0.1749,4.7163
C12,add,2,74,37,111,2,2,3,2,2,,,0.5,2.0
C12,sub,4,8437,5247,3190,4,4,4,4,,1,1,0.6219,0.608
C12,add,2,26,11,37,2,2,2,2,0,,,0.4231,2.3636
C12,sub,3,964,391,573,3,3,3,3,,1,1,0.4056,1.4655
C12,add,2,21,34,55,2,2,2,2,0,,,0.6176,0.6176
C12,sub,4,6493,2770,3723,4,4,4,4,,1,1,0.4266,1.344
C12,add,2,58,42,100,2,2,3,2,2,,,0.7241,1.381
C12,sub,4,9486,6554,2932,4,4,4,4,,1,1,0.6909,0.4474
C12,sub,2,64,24,40,2,2,2,2,,0,0,0.375,1.6667
C12,add,4,2854,1259,4113,4,4,4,4,3,,,0.4411,2.2669
C12,sub,2,48,23,25,2,2,2,2,,0,0,0.4792,1.087
C12,sub,4,4784,1057,3727,4,4,4,4,,1,1,0.2209,3.526
C12,add,3,327,444,771,3,3,3,3,1,,,0.7365,0.7365
C12,add,3,533,471,1004,3,3,4,3,2,,,0.8837,1.1316
C12,add,2,62,98,160,2,2,3,2,2,,,0.6327,0.6327
C12,sub,4,8914,1134,7780,4,4,4,4,,1,1,0.1272,6.8607
C12,add,3,238,690,928,3,3,3,3,1,,,0.3449,0.3449
C12,add,3,548,735,1283,3,3,4,3,2,,,0.7456,0.7456
C12,sub,4,7373,3565,3808,4,4,4,4,,2,2,0.4835,1.0682
C12,add,2,72,43,115,2,2,3,2,1,,,0.5972,1.6744
C12,add,3,108,555,663,3,3,3,3,1,,,0.1946,0.1946
C12,add,2,95,37,132,2,2,3,2,2,,,0.3895,2.5676
C12,add,2,29,38,67,2,2,2,2,1,,,0.7632,0.7632
C12,add,2,99,16,115,2,2,3,2,2,,,0.1616,6.1875
C12,add,3,142,862,1004,3,3,4,3,2,,,0.1647,0.1647
C12,add,3,332,301,633,3,3,3,3,0,,,0.9066,1.103
C12,add,2,43,16,59,2,2,2,2,0,,,0.3721,2.6875
C12,sub,4,8180,1482,6698,4,4,4,4,,3,3,0.1812,4.5196
C12,sub,3,240,188,52,3,3,2,3,,2,2,0.7833,0.2766
C12,add,2,70,59,129,2,2,3,2,1,,,0.8429,1.1864
C12,add,2,48,69,117,2,2,3,2,2,,,0.6957,0.6957
C12,add,2,45,81,126,2,2,3,2,1,,,0.5556,0.5556
C12,add,3,823,165,988,3,3,3,3,0,,,0.2005,4.9879
C12,add,3,705,523,1228,3,3,4,3,1,,,0.7418,1.348
C12,add,2,85,57,142,2,2,3,2,2,,,0.6706,1.4912
C12,sub,2,92,49,43,2,2,2,2,,1,1,0.5326,0.8776
C12,sub,3,371,191,180,3,3,3,3,,1,1,0.5148,0.9424
C12,add,2,20,86,106,2,2,3,2,1,,,0.2326,0.2326
C12,add,3,725,708,1433,3,3,4,3,2,,,0.9766,1.024
C12,sub,4,7775,4077,3698,4,4,4,4,,2,2,0.5244,0.907
C12,sub,3,994,214,780,3,3,3,3,,0,0,0.2153,3.6449
C12,add,2,20,21,41,2,2,2,2,0,,,0.9524,0.9524
C12,sub,4,5356,4920,436,4,4,3,4,,1,1,0.9186,0.0886
C12,add,2,22,48,70,2,2,2,2,1,,,0.4583,0.4583
C12,add,2,45,91,136,2,2,3,2,1,,,0.4945,0.4945
C12,add,3,692,814,1506,3,3,4,3,2,,,0.8501,0.8501
C12,add,3,865,631,1496,3,3,4,3,1,,,0.7295,1.3708
C12,add,3,898,769,1667,3,3,4,3,3,,,0.8563,1.1678
C12,add,2,29,34,63,2,2,2,2,1,,,0.8529,0.8529
C12,add,2,15,68,83,2,2,2,2,1,,,0.2206,0.2206
C12,sub,4,7585,6663,922,4,4,3,4,,1,1,0.8784,0.1384
C12,sub,3,973,767,206,3,3,3,3,,1,1,0.7883,0.2686
C12,sub,2,45,27,18,2,2,2,2,,1,1,0.6,0.6667
C12,add,4,2009,2014,4023,4,4,4,4,1,,,0.9975,0.9975
C12,sub,2,91,34,57,2,2,2,2,,1,1,0.3736,1.6765
C12,sub,2,63,53,10,2,2,2,2,,0,0,0.8413,0.1887
C12,sub,2,44,29,15,2,2,2,2,,1,1,0.6591,0.5172
C12,sub,4,8932,2105,6827,4,4,4,4,,1,1,0.2357,3.2432
C12,add,3,393,791,1184,3,3,4,3,2,,,0.4968,0.4968
C12,add,2,38,57,95,2,2,2,2,1,,,0.6667,0.6667
C12,sub,2,76,33,43,2,2,2,2,,0,0,0.4342,1.303
C12,sub,3,671,214,457,3,3,3,3,,1,1,0.3189,2.1355
C12,add,3,703,600,1303,3,3,4,3,1,,,0.8535,1.1717
C12,add,3,845,299,1144,3,3,4,3,3,,,0.3538,2.8261
C12,sub,2,30,12,18,2,2,2,2,,1,1,0.4,1.5
C12,add,3,764,946,1710,3,3,4,3,3,,,0.8076,0.8076
C12,add,3,225,304,529,3,3,3,3,0,,,0.7401,0.7401
C12,sub,4,6822,2685,4137,4,4,4,4,,2,2,0.3936,1.5408
C12,add,2,64,23,87,2,2,2,2,0,,,0.3594,2.7826
C12,add,2,14,96,110,2,2,3,2,2,,,0.1458,0.1458
C12,add,3,314,784,1098,3,3,4,3,1,,,0.4005,0.4005
C12,add,3,405,651,1056,3,3,4,3,1,,,0.6221,0.6221
C12,add,2,84,51,135,2,2,3,2,1,,,0.6071,1.6471
C12,sub,3,764,151,613,3,3,3,3,,0,0,0.1976,4.0596
C12,add,2,91,85,176,2,2,3,2,1,,,0.9341,1.0706
C12,sub,4,8802,7458,1344,4,4,4,4,,2,2,0.8473,0.1802
C12,add,2,39,65,104,2,2,3,2,2,,,0.6,0.6
C12,add,4,7033,1537,8570,4,4,4,4,1,,,0.2185,4.5758
C12,add,3,137,149,286,3,3,3,3,1,,,0.9195,0.9195
C12,sub,3,806,332,474,3,3,3,3,,1,1,0.4119,1.4277
C12,add,3,877,793,1670,3,3,4,3,3,,,0.9042,1.1059
C12,add,2,53,85,138,2,2,3,2,1,,,0.6235,0.6235
C12,sub,3,958,479,479,3,3,3,3,,2,2,0.5,1.0
C12,sub,2,46,14,32,2,2,2,2,,0,0,0.3043,2.2857
C12,sub,4,4711,3583,1128,4,4,4,4,,2,2,0.7606,0.3148
C12,add,3,136,144,280,3,3,3,3,1,,,0.9444,0.9444
C12,sub,4,8954,8834,120,4,4,3,4,,0,0,0.9866,0.0136
C12,sub,4,4440,2529,1911,4,4,4,4,,2,2,0.5696,0.7556
C12,add,2,76,20,96,2,2,2,2,0,,,0.2632,3.8
C12,sub,2,61,22,39,2,2,2,2,,1,1,0.3607,1.7727
C12,sub,4,8505,2025,6480,4,4,4,4,,1,1,0.2381,3.2
C12,add,4,1747,1309,3056,4,4,4,4,2,,,0.7493,1.3346
C12,sub,4,4462,3514,948,4,4,3,4,,2,2,0.7875,0.2698
C12,sub,2,75,27,48,2,2,2,2,,1,1,0.36,1.7778
C12,add,3,777,849,1626,3,3,4,3,3,,,0.9152,0.9152
C12,sub,4,8671,5775,2896,4,4,4,4,,3,3,0.666,0.5015
C12,sub,2,53,28,25,2,2,2,2,,1,1,0.5283,0.8929
C12,sub,4,8151,5937,2214,4,4,4,4,,2,2,0.7284,0.3729
C12,add,2,97,84,181,2,2,3,2,2,,,0.866,1.1548
C12,add,2,95,51,146,2,2,3,2,1,,,0.5368,1.8627
C12,add,4,6247,2964,9211,4,4,4,4,3,,,0.4745,2.1076
C12,sub,4,9224,5237,3987,4,4,4,4,,3,3,0.5678,0.7613
C12,add,3,292,908,1200,3,3,4,3,3,,,0.3216,0.3216
C12,sub,3,605,483,122,3,3,3,3,,1,1,0.7983,0.2526
C12,sub,2,74,17,57,2,2,2,2,,1,1,0.2297,3.3529
C12,add,3,709,711,1420,3,3,4,3,2,,,0.9972,0.9972
C12,sub,3,955,715,240,3,3,3,3,,0,0,0.7487,0.3357
C12,sub,3,413,201,212,3,3,3,3,,0,0,0.4867,1.0547
C12,add,3,957,699,1656,3,3,4,3,3,,,0.7304,1.3691
C12,sub,2,61,27,34,2,2,2,2,,1,1,0.4426,1.2593
C12,add,3,754,854,1608,3,3,4,3,2,,,0.8829,0.8829
C12,sub,4,9070,2439,6631,4,4,4,4,,2,2,0.2689,2.7187
C12,sub,2,72,62,10,2,2,2,2,,0,0,0.8611,0.1613
C12,sub,3,276,176,100,3,3,3,3,,0,0,0.6377,0.5682
C12,add,2,89,64,153,2,2,3,2,2,,,0.7191,1.3906
C12,sub,2,79,51,28,2,2,2,2,,0,0,0.6456,0.549
C12,sub,2,72,21,51,2,2,2,2,,0,0,0.2917,2.4286
C12,sub,3,784,198,586,3,3,3,3,,2,2,0.2526,2.9596
C12,add,4,3036,1427,4463,4,4,4,4,1,,,0.47,2.1275
C12,add,4,2437,5868,8305,4,4,4,4,3,,,0.4153,0.4153
C12,sub,2,69,35,34,2,2,2,2,,0,0,0.5072,0.9714
C12,add,2,17,21,38,2,2,2,2,0,,,0.8095,0.8095
C12,sub,3,640,543,97,3,3,2,3,,2,2,0.8484,0.1786
C12,sub,4,9529,1805,7724,4,4,4,4,,1,1,0.1894,4.2792
C12,sub,4,4148,3614,534,4,4,3,4,,1,1,0.8713,0.1478
C12,sub,2,74,64,10,2,2,2,2,,0,0,0.8649,0.1562
C12,add,3,395,513,908,3,3,3,3,1,,,0.77,0.77
C12,sub,4,7410,6600,810,4,4,3,4,,1,1,0.8907,0.1227
C12,add,3,834,978,1812,3,3,4,3,3,,,0.8528,0.8528
C12,sub,4,7723,1910,5813,4,4,4,4,,1,1,0.2473,3.0435
C12,sub,2,95,35,60,2,2,2,2,,0,0,0.3684,1.7143
C12,add,3,711,747,1458,3,3,4,3,1,,,0.9518,0.9518
C12,sub,4,6370,4099,2271,4,4,4,4,,2,2,0.6435,0.554
C12,sub,2,77,28,49,2,2,2,2,,1,1,0.3636,1.75
C12,add,2,44,53,97,2,2,2,2,0,,,0.8302,0.8302
C12,sub,3,995,676,319,3,3,3,3,,1,1,0.6794,0.4719
C12,sub,4,6980,3568,3412,4,4,4,4,,1,1,0.5112,0.9563
C12,add,3,851,211,1062,3,3,4,3,1,,,0.2479,4.0332
C12,add,3,675,642,1317,3,3,4,3,2,,,0.9511,1.0514
C12,sub,4,8602,6063,2539,4,4,4,4,,2,2,0.7048,0.4188
C12,add,2,20,32,52,2,2,2,2,0,,,0.625,0.625
C12,sub,4,8315,2171,6144,4,4,4,4,,1,1,0.2611,2.83
C12,sub,3,146,104,42,3,3,2,3,,0,0,0.7123,0.4038
C12,sub,3,351,172,179,3,3,3,3,,2,2,0.49,1.0407
C12,sub,2,69,47,22,2,2,2,2,,0,0,0.6812,0.4681
C12,add,2,77,60,137,2,2,3,2,1,,,0.7792,1.2833
C12,sub,4,4455,3623,832,4,4,3,4,,1,1,0.8132,0.2296
C12,sub,3,729,585,144,3,3,3,3,,1,1,0.8025,0.2462
C12,sub,3,549,451,98,3,3,2,3,,1,1,0.8215,0.2173
C12,add,3,822,512,1334,3,3,4,3,1,,,0.6229,1.6055
C12,add,3,491,312,803,3,3,3,3,1,,,0.6354,1.5737
C12,sub,3,256,205,51,3,3,2,3,,0,0,0.8008,0.2488
C12,add,3,114,856,970,3,3,3,3,1,,,0.1332,0.1332
C12,sub,3,632,130,502,3,3,3,3,,0,0,0.2057,3.8615
C12,sub,3,654,373,281,3,3,3,3,,1,1,0.5703,0.7534
C12,add,4,3806,4820,8626,4,4,4,4,1,,,0.7896,0.7896
C12,sub,4,8967,8699,268,4,4,3,4,,2,2,0.9701,0.0308
C12,sub,3,380,117,263,3,3,3,3,,1,1,0.3079,2.2479
C12,sub,3,864,193,671,3,3,3,3,,1,1,0.2234,3.4767
C12,sub,4,8746,4080,4666,4,4,4,4,,1,1,0.4665,1.1436
C12,sub,2,94,77,17,2,2,2,2,,1,1,0.8191,0.2208
C12,sub,2,74,10,64,2,2,2,2,,0,0,0.1351,6.4
C12,sub,4,1832,1217,615,4,4,3,4,,1,1,0.6643,0.5053
C12,add,3,675,133,808,3,3,3,3,1,,,0.197,5.0752
C12,sub,4,7757,3424,4333,4,4,4,4,,0,0,0.4414,1.2655
C12,add,2,36,66,102,2,2,3,2,2,,,0.5455,0.5455
C12,sub,4,7987,3836,4151,4,4,4,4,,0,0,0.4803,1.0821
C12,add,2,12,41,53,2,2,2,2,0,,,0.2927,0.2927
C12,add,3,420,521,941,3,3,3,3,0,,,0.8061,0.8061
C12,sub,3,875,572,303,3,3,3,3,,0,0,0.6537,0.5297
C12,sub,3,740,573,167,3,3,3,3,,2,2,0.7743,0.2914
C12,add,3,595,738,1333,3,3,4,3,3,,,0.8062,0.8062
C12,sub,4,4393,2307,2086,4,4,4,4,,1,1,0.5252,0.9042
C12,add,2,21,11,32,2,2,2,2,0,,,0.5238,1.9091
C12,sub,2,81,37,44,2,2,2,2,,1,1,0.4568,1.1892
C12,sub,4,8625,1566,7059,4,4,4,4,,2,2,0.1816,4.5077
C12,sub,4,5347,1593,3754,4,4,4,4,,2,2,0.2979,2.3566
C12,sub,2,42,17,25,2,2,2,2,,1,1,0.4048,1.4706
C12,sub,2,63,26,37,2,2,2,2,,1,1,0.4127,1.4231
C12,add,2,65,79,144,2,2,3,2,2,,,0.8228,0.8228
C12,add,2,41,29,70,2,2,2,2,1,,,0.7073,1.4138
C12,sub,2,85,65,20,2,2,2,2,,0,0,0.7647,0.3077
C12,sub,2,56,24,32,2,2,2,2,,0,0,0.4286,1.3333
C12,sub,4,8651,6068,2583,4,4,4,4,,2,2,0.7014,0.4257
C12,add,2,49,34,83,2,2,2,2,1,,,0.6939,1.4412
C12,sub,3,437,141,296,3,3,3,3,,1,1,0.3227,2.0993
C12,sub,4,5103,3831,1272,4,4,4,4,,2,2,0.7507,0.332
C12,sub,3,972,507,465,3,3,3,3,,1,1,0.5216,0.9172
C12,sub,2,61,49,12,2,2,2,2,,1,1,0.8033,0.2449
C12,add,2,33,39,72,2,2,2,2,1,,,0.8462,0.8462
C12,add,2,69,43,112,2,2,3,2,2,,,0.6232,1.6047
C12,sub,3,234,163,71,3,3,2,3,,1,1,0.6966,0.4356
C12,add,3,492,781,1273,3,3,4,3,2,,,0.63,0.63
C12,sub,2,61,20,41,2,2,2,2,,0,0,0.3279,2.05
C12,sub,4,9452,8514,938,4,4,3,4,,2,2,0.9008,0.1102
C12,add,3,774,677,1451,3,3,4,3,3,,,0.8747,1.1433
C12,sub,4,5647,2933,2714,4,4,4,4,,1,1,0.5194,0.9253
C12,add,3,589,180,769,3,3,3,3,1,,,0.3056,3.2722
C12,sub,3,998,449,549,3,3,3,3,,1,1,0.4499,1.2227
C12,add,4,2659,1758,4417,4,4,4,4,3,,,0.6612,1.5125
C12,add,3,599,833,1432,3,3,4,3,3,,,0.7191,0.7191
C12,add,3,972,181,1153,3,3,4,3,2,,,0.1862,5.3702
C12,sub,4,8859,5895,2964,4,4,4,4,,2,2,0.6654,0.5028
C12,sub,4,7946,4157,3789,4,4,4,4,,2,2,0.5232,0.9115
C12,add,3,779,844,1623,3,3,4,3,3,,,0.923,0.923
C12,add,4,1794,8079,9873,4,4,4,4,2,,,0.2221,0.2221
C12,add,3,565,983,1548,3,3,4,3,2,,,0.5748,0.5748
C12,add,3,871,423,1294,3,3,4,3,1,,,0.4856,2.0591
C12,add,4,7095,1479,8574,4,4,4,4,2,,,0.2085,4.7972
C12,sub,4,9892,2194,7698,4,4,4,4,,2,2,0.2218,3.5087
C12,sub,2,67,20,47,2,2,2,2,,0,0,0.2985,2.35
C12,sub,4,5347,2882,2465,4,4,4,4,,2,2,0.539,0.8553
C12,sub,4,6083,2963,3120,4,4,4,4,,1,1,0.4871,1.053
C12,add,3,621,875,1496,3,3,4,3,1,,,0.7097,0.7097
C12,add,4,1756,8163,9919,4,4,4,4,1,,,0.2151,0.2151
C12,sub,4,8469,1737,6732,4,4,4,4,,1,1,0.2051,3.8756
C12,sub,4,7071,1234,5837,4,4,4,4,,2,2,0.1745,4.7301
C12,add,2,94,23,117,2,2,3,2,1,,,0.2447,4.087
C12,add,3,433,305,738,3,3,3,3,0,,,0.7044,1.4197
C12,add,3,287,846,1133,3,3,4,3,3,,,0.3392,0.3392
C12,add,2,74,60,134,2,2,3,2,1,,,0.8108,1.2333
C12,sub,4,9059,2852,6207,4,4,4,4,,1,1,0.3148,2.1764
C12,add,2,82,71,153,2,2,3,2,1,,,0.8659,1.1549
C12,sub,4,9996,9921,75,4,4,2,4,,0,0,0.9925,0.0076
C12,sub,2,54,26,28,2,2,2,2,,1,1,0.4815,1.0769
C12,add,4,4319,2693,7012,4,4,4,4,3,,,0.6235,1.6038
C12,add,2,84,79,163,2,2,3,2,2,,,0.9405,1.0633
C12,sub,3,657,145,512,3,3,3,3,,0,0,0.2207,3.531
C12,sub,3,586,139,447,3,3,3,3,,1,1,0.2372,3.2158
C12,sub,4,7973,3593,4380,4,4,4,4,,1,1,0.4506,1.219
C12,sub,4,7757,2218,5539,4,4,4,4,,1,1,0.2859,2.4973
C12,sub,2,97,44,53,2,2,2,2,,0,0,0.4536,1.2045
C12,add,4,5878,3005,8883,4,4,4,4,1,,,0.5112,1.9561
C12,add,3,504,742,1246,3,3,4,3,1,,,0.6792,0.6792
C12,sub,4,3769,2344,1425,4,4,4,4,,0,0,0.6219,0.6079
C12,add,3,851,290,1141,3,3,4,3,2,,,0.3408,2.9345
C12,sub,4,9297,7098,2199,4,4,4,4,,2,2,0.7635,0.3098
C12,add,2,26,10,36,2,2,2,2,0,,,0.3846,2.6
C12,add,2,35,52,87,2,2,2,2,0,,,0.6731,0.6731
C12,sub,4,7879,6514,1365,4,4,4,4,,0,0,0.8268,0.2095
C12,sub,3,212,178,34,3,3,2,3,,2,2,0.8396,0.191
C12,sub,4,9827,4938,4889,4,4,4,4,,3,3,0.5025,0.9901
C12,add,4,1707,3304,5011,4,4,4,4,2,,,0.5166,0.5166
C12,sub,3,993,729,264,3,3,3,3,,1,1,0.7341,0.3621
C12,sub,3,905,526,379,3,3,3,3,,2,2,0.5812,0.7205
C12,sub,4,5692,5352,340,4,4,3,4,,0,0,0.9403,0.0635
C12,add,2,38,37,75,2,2,2,2,1,,,0.9737,1.027
C12,sub,4,9910,8614,1296,4,4,4,4,,2,2,0.8692,0.1505
C12,sub,3,624,542,82,3,3,2,3,,1,1,0.8686,0.1513
C12,sub,2,70,53,17,2,2,2,2,,1,1,0.7571,0.3208
C12,sub,3,696,372,324,3,3,3,3,,0,0,0.5345,0.871
C12,sub,2,95,29,66,2,2,2,2,,1,1,0.3053,2.2759
C12,sub,2,80,24,56,2,2,2,2,,1,1,0.3,2.3333
C12,add,4,1545,4315,5860,4,4,4,4,1,,,0.3581,0.3581
C12,sub,4,9493,3293,6200,4,4,4,4,,0,0,0.3469,1.8828
C12,add,3,659,717,1376,3,3,4,3,2,,,0.9191,0.9191
C12,add,2,29,87,116,2,2,3,2,2,,,0.3333,0.3333
C12,sub,4,6577,6363,214,4,4,3,4,,0,0,0.9675,0.0336
C12,sub,2,74,49,25,2,2,2,2,,1,1,0.6622,0.5102
C12,add,3,119,794,913,3,3,3,3,2,,,0.1499,0.1499
C12,sub,2,81,58,23,2,2,2,2,,1,1,0.716,0.3966
C12,sub,4,1857,1285,572,4,4,3,4,,1,1,0.692,0.4451
C12,sub,3,879,609,270,3,3,3,3,,0,0,0.6928,0.4433
C12,add,4,2405,4386,6791,4,4,4,4,1,,,0.5483,0.5483
C12,sub,4,9432,8507,925,4,4,3,4,,2,2,0.9019,0.1087
C12,add,3,577,894,1471,3,3,4,3,3,,,0.6454,0.6454
C12,add,2,68,37,105,2,2,3,2,2,,,0.5441,1.8378
C12,sub,2,69,35,34,2,2,2,2,,0,0,0.5072,0.9714
C12,add,3,213,587,800,3,3,3,3,2,,,0.3629,0.3629
C12,add,2,39,91,130,2,2,3,2,2,,,0.4286,0.4286
C12,add,2,33,33,66,2,2,2,2,0,,,1.0,1.0
C12,sub,4,8984,2572,6412,4,4,4,4,,0,0,0.2863,2.493
C12,sub,4,5474,4655,819,4,4,3,4,,2,2,0.8504,0.1759
C12,add,2,34,96,130,2,2,3,2,2,,,0.3542,0.3542
C12,add,4,1380,6420,7800,4,4,4,4,1,,,0.215,0.215
C12,sub,4,4565,2190,2375,4,4,4,4,,1,1,0.4797,1.0845
C12,sub,4,9039,8615,424,4,4,3,4,,1,1,0.9531,0.0492
C12,add,3,471,112,583,3,3,3,3,0,,,0.2378,4.2054
C12,sub,3,667,366,301,3,3,3,3,,0,0,0.5487,0.8224
C12,sub,2,82,61,21,2,2,2,2,,0,0,0.7439,0.3443
C12,sub,3,237,223,14,3,3,2,3,,0,0,0.9409,0.0628
C12,add,4,2094,4227,6321,4,4,4,4,2,,,0.4954,0.4954
C12,add,4,2680,3920,6600,4,4,4,4,2,,,0.6837,0.6837
C12,sub,4,5781,2055,3726,4,4,4,4,,1,1,0.3555,1.8131
C12,sub,4,9222,3347,5875,4,4,4,4,,3,3,0.3629,1.7553
C12,sub,4,5274,1855,3419,4,4,4,4,,2,2,0.3517,1.8431
C12,add,3,628,665,1293,3,3,4,3,2,,,0.9444,0.9444
C12,sub,3,689,518,171,3,3,3,3,,0,0,0.7518,0.3301
C12,sub,4,5444,4788,656,4,4,3,4,,3,3,0.8795,0.137
C12,sub,2,74,50,24,2,2,2,2,,0,0,0.6757,0.48
C12,sub,2,41,21,20,2,2,2,2,,0,0,0.5122,0.9524
C12,sub,2,83,40,43,2,2,2,2,,0,0,0.4819,1.075
C12,sub,3,643,138,505,3,3,3,3,,1,1,0.2146,3.6594
C12,add,3,812,698,1510,3,3,4,3,3,,,0.8596,1.1633
C12,add,4,1728,6807,8535,4,4,4,4,2,,,0.2539,0.2539
C12,add,3,443,185,628,3,3,3,3,1,,,0.4176,2.3946
C12,sub,3,464,208,256,3,3,3,3,,1,1,0.4483,1.2308
C12,add,3,888,113,1001,3,3,4,3,3,,,0.1273,7.8584
C12,sub,3,983,361,622,3,3,3,3,,0,0,0.3672,1.723
C12,sub,4,8970,6196,2774,4,4,4,4,,2,2,0.6907,0.4477
C12,sub,3,763,557,206,3,3,3,3,,1,1,0.73,0.3698
C12,sub,3,548,357,191,3,3,3,3,,1,1,0.6515,0.535
C12,sub,4,8509,4595,3914,4,4,4,4,,2,2,0.54,0.8518
C12,sub,3,734,254,480,3,3,3,3,,1,1,0.346,1.8898
C12,add,2,15,10,25,2,2,2,2,0,,,0.6667,1.5
C12,add,3,190,428,618,3,3,3,3,1,,,0.4439,0.4439
C12,add,4,4515,3176,7691,4,4,4,4,1,,,0.7034,1.4216
C12,add,3,516,393,909,3,3,3,3,1,,,0.7616,1.313
C12,add,3,414,770,1184,3,3,4,3,1,,,0.5377,0.5377
C12,sub,2,73,36,37,2,2,2,2,,1,1,0.4932,1.0278
C12,sub,2,70,17,53,2,2,2,2,,1,1,0.2429,3.1176
C12,sub,4,5261,1391,3870,4,4,4,4,,2,2,0.2644,2.7822
C12,sub,3,680,322,358,3,3,3,3,,1,1,0.4735,1.1118
C12,sub,4,5075,2318,2757,4,4,4,4,,2,2,0.4567,1.1894
C12,add,3,324,654,978,3,3,3,3,0,,,0.4954,0.4954
C12,sub,4,2787,1335,1452,4,4,4,4,,0,0,0.479,1.0876
C12,add,3,337,953,1290,3,3,4,3,2,,,0.3536,0.3536
C12,sub,4,7665,4315,3350,4,4,4,4,,0,0,0.5629,0.7764
C12,sub,3,613,235,378,3,3,3,3,,2,2,0.3834,1.6085
C12,add,3,441,813,1254,3,3,4,3,1,,,0.5424,0.5424
C12,add,3,988,239,1227,3,3,4,3,3,,,0.2419,4.1339
C12,sub,3,784,505,279,3,3,3,3,,1,1,0.6441,0.5525
C12,sub,3,577,348,229,3,3,3,3,,1,1,0.6031,0.658
C12,sub,2,72,17,55,2,2,2,2,,1,1,0.2361,3.2353
C12,sub,2,63,26,37,2,2,2,2,,1,1,0.4127,1.4231
C12,sub,3,517,262,255,3,3,3,3,,1,1,0.5068,0.9733
C12,sub,3,273,252,21,3,3,2,3,,0,0,0.9231,0.0833
C12,add,3,600,203,803,3,3,3,3,0,,,0.3383,2.9557
C12,sub,4,1610,1089,521,4,4,3,4,,2,2,0.6764,0.4784
C12,add,3,392,542,934,3,3,3,3,1,,,0.7232,0.7232
C12,add,2,63,60,123,2,2,3,2,1,,,0.9524,1.05
C12,add,4,6616,2476,9092,4,4,4,4,2,,,0.3742,2.6721
C12,add,3,382,708,1090,3,3,4,3,2,,,0.5395,0.5395
C12,add,2,22,75,97,2,2,2,2,0,,,0.2933,0.2933
C12,sub,4,6841,2607,4234,4,4,4,4,,1,1,0.3811,1.6241
C12,sub,4,9622,3869,5753,4,4,4,4,,3,3,0.4021,1.4869
C12,sub,4,8897,2294,6603,4,4,4,4,,0,0,0.2578,2.8784
C12,sub,3,655,318,337,3,3,3,3,,1,1,0.4855,1.0597
C12,add,3,782,780,1562,3,3,4,3,2,,,0.9974,1.0026
C12,sub,2,88,77,11,2,2,2,2,,0,0,0.875,0.1429
C12,add,3,860,807,1667,3,3,4,3,1,,,0.9384,1.0657
C12,sub,4,9172,8016,1156,4,4,4,4,,1,1,0.874,0.1442
C12,sub,4,7650,7522,128,4,4,3,4,,1,1,0.9833,0.017
C12,add,3,894,471,1365,3,3,4,3,2,,,0.5268,1.8981
C12,add,3,120,514,634,3,3,3,3,0,,,0.2335,0.2335
C12,sub,2,80,62,18,2,2,2,2,,1,1,0.775,0.2903
C12,add,2,14,77,91,2,2,2,2,1,,,0.1818,0.1818
C12,add,2,45,52,97,2,2,2,2,0,,,0.8654,0.8654
C12,sub,2,85,34,51,2,2,2,2,,0,0,0.4,1.5
C12,add,4,3932,5241,9173,4,4,4,4,1,,,0.7502,0.7502
C12,sub,2,65,30,35,2,2,2,2,,0,0,0.4615,1.1667
C12,add,4,3140,4705,7845,4,4,4,4,0,,,0.6674,0.6674
C12,add,3,197,171,368,3,3,3,3,1,,,0.868,1.152
C12,sub,3,396,170,226,3,3,3,3,,0,0,0.4293,1.3294
C12,sub,4,8070,5794,2276,4,4,4,4,,3,3,0.718,0.3928
C12,sub,4,9649,7321,2328,4,4,4,4,,0,0,0.7587,0.318
C12,sub,2,67,56,11,2,2,2,2,,0,0,0.8358,0.1964
C12,sub,2,81,23,58,2,2,2,2,,1,1,0.284,2.5217
C12,add,3,505,796,1301,3,3,4,3,3,,,0.6344,0.6344
C12,add,2,84,41,125,2,2,3,2,1,,,0.4881,2.0488
C12,sub,3,712,456,256,3,3,3,3,,2,2,0.6404,0.5614
C12,add,2,59,69,128,2,2,3,2,2,,,0.8551,0.8551
C12,add,2,64,42,106,2,2,3,2,1,,,0.6562,1.5238
C12,sub,2,86,17,69,2,2,2,2,,1,1,0.1977,4.0588
C12,sub,3,829,538,291,3,3,3,3,,1,1,0.649,0.5409
C12,add,2,73,53,126,2,2,3,2,1,,,0.726,1.3774
C12,sub,3,709,260,449,3,3,3,3,,1,1,0.3667,1.7269
C12,sub,4,7190,4036,3154,4,4,4,4,,1,1,0.5613,0.7815
C12,sub,3,867,220,647,3,3,3,3,,0,0,0.2537,2.9409
C12,sub,2,91,39,52,2,2,2,2,,1,1,0.4286,1.3333
C12,add,4,6586,3196,9782,4,4,4,4,2,,,0.4853,2.0607
C12,add,4,4467,4911,9378,4,4,4,4,1,,,0.9096,0.9096
C12,sub,4,6126,2810,3316,4,4,4,4,,1,1,0.4587,1.1801
C12,add,2,29,44,73,2,2,2,2,1,,,0.6591,0.6591
C12,add,2,65,44,109,2,2,3,2,1,,,0.6769,1.4773
C12,add,3,137,333,470,3,3,3,3,1,,,0.4114,0.4114
C12,sub,2,98,33,65,2,2,2,2,,0,0,0.3367,1.9697
C12,sub,4,7191,2846,4345,4,4,4,4,,2,2,0.3958,1.5267
C12,add,3,189,505,694,3,3,3,3,1,,,0.3743,0.3743
C12,sub,2,96,56,40,2,2,2,2,,0,0,0.5833,0.7143
C12,sub,4,8519,8488,31,4,4,2,4,,1,1,0.9964,0.0037
C12,add,3,773,767,1540,3,3,4,3,3,,,0.9922,1.0078
C12,sub,4,9715,2080,7635,4,4,4,4,,1,1,0.2141,3.6707
C12,add,3,578,996,1574,3,3,4,3,3,,,0.5803,0.5803
C12,sub,4,8770,5310,3460,4,4,4,4,,0,0,0.6055,0.6516
C12,sub,3,548,294,254,3,3,3,3,,1,1,0.5365,0.8639
C12,add,2,93,69,162,2,2,3,2,2,,,0.7419,1.3478
C12,sub,3,543,420,123,3,3,3,3,,0,0,0.7735,0.2929
C12,sub,4,9451,3851,5600,4,4,4,4,,1,1,0.4075,1.4542
C12,sub,2,62,25,37,2,2,2,2,,1,1,0.4032,1.48
C12,add,3,457,917,1374,3,3,4,3,2,,,0.4984,0.4984
C12,sub,3,610,398,212,3,3,3,3,,2,2,0.6525,0.5327
C12,sub,4,5906,5649,257,4,4,3,4,,2,2,0.9565,0.0455
C12,sub,2,83,39,44,2,2,2,2,,1,1,0.4699,1.1282
C12,add,2,82,10,92,2,2,2,2,0,,,0.122,8.2
C12,add,4,4412,3859,8271,4,4,4,4,2,,,0.8747,1.1433
C12,sub,3,594,478,116,3,3,3,3,,1,1,0.8047,0.2427
C12,add,4,2700,4127,6827,4,4,4,4,0,,,0.6542,0.6542
C12,sub,4,6822,5992,830,4,4,3,4,,2,2,0.8783,0.1385
C12,add,3,245,519,764,3,3,3,3,1,,,0.4721,0.4721
C12,sub,4,5454,2885,2569,4,4,4,4,,3,3,0.529,0.8905
C12,sub,2,86,53,33,2,2,2,2,,0,0,0.6163,0.6226
C12,sub,3,347,223,124,3,3,3,3,,0,0,0.6427,0.5561
C12,add,3,355,403,758,3,3,3,3,0,,,0.8809,0.8809
C12,sub,2,51,24,27,2,2,2,2,,1,1,0.4706,1.125
C12,sub,3,891,734,157,3,3,3,3,,1,1,0.8238,0.2139
C12,sub,2,45,23,22,2,2,2,2,,0,0,0.5111,0.9565
C12,sub,4,6814,5023,1791,4,4,4,4,,1,1,0.7372,0.3566
C12,add,2,76,47,123,2,2,3,2,2,,,0.6184,1.617
C12,sub,2,97,31,66,2,2,2,2,,0,0,0.3196,2.129
C12,add,3,239,335,574,3,3,3,3,1,,,0.7134,0.7134
C12,sub,3,907,425,482,3,3,3,3,,1,1,0.4686,1.1341
C12,sub,2,76,13,63,2,2,2,2,,0,0,0.1711,4.8462
C12,sub,2,50,25,25,2,2,2,2,,1,1,0.5,1.0
C12,add,2,65,92,157,2,2,3,2,1,,,0.7065,0.7065
C12,sub,3,534,502,32,3,3,2,3,,0,0,0.9401,0.0637
C12,sub,3,532,482,50,3,3,2,3,,1,1,0.906,0.1037
C12,add,2,10,39,49,2,2,2,2,0,,,0.2564,0.2564
C12,sub,4,2568,2104,464,4,4,3,4,,0,0,0.8193,0.2205
C12,add,2,80,99,179,2,2,3,2,1,,,0.8081,0.8081
C12,add,3,202,894,1096,3,3,4,3,1,,,0.226,0.226
C12,add,2,83,78,161,2,2,3,2,2,,,0.9398,1.0641
C12,sub,3,475,249,226,3,3,3,3,,1,1,0.5242,0.9076
C12,add,4,1668,6481,8149,4,4,4,4,2,,,0.2574,0.2574
C12,sub,4,8208,7745,463,4,4,3,4,,2,2,0.9436,0.0598
C12,sub,3,418,402,16,3,3,2,3,,0,0,0.9617,0.0398
C12,sub,2,83,64,19,2,2,2,2,,1,1,0.7711,0.2969
C12,sub,4,8210,4299,3911,4,4,4,4,,3,3,0.5236,0.9097
C12,sub,3,716,321,395,3,3,3,3,,1,1,0.4483,1.2305
C12,sub,3,951,704,247,3,3,3,3,,1,1,0.7403,0.3509
C12,sub,4,3326,1232,2094,4,4,4,4,,1,1,0.3704,1.6997
C12,add,2,49,82,131,2,2,3,2,2,,,0.5976,0.5976
C12,sub,2,73,14,59,2,2,2,2,,1,1,0.1918,4.2143
C12,sub,2,24,11,13,2,2,2,2,,0,0,0.4583,1.1818
C12,add,2,71,90,161,2,2,3,2,1,,,0.7889,0.7889
C12,sub,3,561,341,220,3,3,3,3,,0,0,0.6078,0.6452
C12,add,3,272,679,951,3,3,3,3,2,,,0.4006,0.4006
C12,sub,4,9483,2830,6653,4,4,4,4,,1,1,0.2984,2.3509
C12,add,2,75,25,100,2,2,3,2,2,,,0.3333,3.0
C12,sub,2,63,29,34,2,2,2,2,,1,1,0.4603,1.1724
C12,sub,4,2117,1221,896,4,4,3,4,,2,2,0.5768,0.7338
C12,sub,3,958,523,435,3,3,3,3,,0,0,0.5459,0.8317
C12,sub,4,9691,6821,2870,4,4,4,4,,1,1,0.7038,0.4208
C12,add,2,98,13,111,2,2,3,2,2,,,0.1327,7.5385
C12,add,3,673,479,1152,3,3,4,3,3,,,0.7117,1.405
C12,sub,3,596,145,451,3,3,3,3,,0,0,0.2433,3.1103
C12,sub,4,8622,6399,2223,4,4,4,4,,2,2,0.7422,0.3474
C12,sub,2,88,49,39,2,2,2,2,,1,1,0.5568,0.7959
C12,add,3,589,678,1267,3,3,4,3,3,,,0.8687,0.8687
C12,add,2,73,92,165,2,2,3,2,1,,,0.7935,0.7935
C12,sub,3,667,425,242,3,3,3,3,,0,0,0.6372,0.5694
C12,sub,4,7841,1525,6316,4,4,4,4,,1,1,0.1945,4.1416
C12,sub,2,68,10,58,2,2,2,2,,0,0,0.1471,5.8
C12,sub,3,718,149,569,3,3,3,3,,2,2,0.2075,3.8188
C12,sub,2,76,43,33,2,2,2,2,,0,0,0.5658,0.7674
C12,add,3,542,441,983,3,3,3,3,0,,,0.8137,1.229
C12,sub,4,8177,7167,1010,4,4,4,4,,0,0,0.8765,0.1409
C12,sub,2,78,60,18,2,2,2,2,,0,0,0.7692,0.3
C12,add,2,36,10,46,2,2,2,2,0,,,0.2778,3.6
C12,sub,2,51,32,19,2,2,2,2,,1,1,0.6275,0.5938
C12,add,4,5479,2951,8430,4,4,4,4,3,,,0.5386,1.8567
C12,sub,3,985,866,119,3,3,3,3,,1,1,0.8792,0.1374
C12,add,2,82,83,165,2,2,3,2,1,,,0.988,0.988
C12,sub,3,991,146,845,3,3,3,3,,1,1,0.1473,5.7877
C12,sub,2,92,43,49,2,2,2,2,,1,1,0.4674,1.1395
C12,sub,4,7657,3558,4099,4,4,4,4,,2,2,0.4647,1.1521
C12,add,3,460,799,1259,3,3,4,3,2,,,0.5757,0.5757
C12,add,4,4813,4904,9717,4,4,4,4,1,,,0.9814,0.9814
C12,add,4,2952,4473,7425,4,4,4,4,2,,,0.66,0.66
C12,sub,4,5864,4839,1025,4,4,4,4,,1,1,0.8252,0.2118
C12,add,2,89,46,135,2,2,3,2,2,,,0.5169,1.9348
C12,add,3,698,559,1257,3,3,4,3,3,,,0.8009,1.2487
C12,sub,4,4162,3025,1137,4,4,4,4,,1,1,0.7268,0.3759
C12,sub,3,576,364,212,3,3,3,3,,0,0,0.6319,0.5824
C12,add,3,851,501,1352,3,3,4,3,1,,,0.5887,1.6986
C12,add,2,13,88,101,2,2,3,2,2,,,0.1477,0.1477
C12,sub,2,89,13,76,2,2,2,2,,0,0,0.1461,5.8462
C12,add,3,924,264,1188,3,3,4,3,1,,,0.2857,3.5
C12,sub,4,7063,6488,575,4,4,3,4,,3,3,0.9186,0.0886
C12,sub,4,7512,6175,1337,4,4,4,4,,2,2,0.822,0.2165
C12,sub,2,68,13,55,2,2,2,2,,0,0,0.1912,4.2308
C12,sub,4,5071,2185,2886,4,4,4,4,,3,3,0.4309,1.3208
C12,add,2,48,17,65,2,2,2,2,1,,,0.3542,2.8235
C12,add,3,339,281,620,3,3,3,3,2,,,0.8289,1.2064
C12,add,3,572,524,1096,3,3,4,3,1,,,0.9161,1.0916
C12,add,3,955,181,1136,3,3,4,3,2,,,0.1895,5.2762
C12,add,3,966,263,1229,3,3,4,3,2,,,0.2723,3.673
C12,add,2,11,68,79,2,2,2,2,0,,,0.1618,0.1618
C12,add,2,90,23,113,2,2,3,2,1,,,0.2556,3.913
C12,add,3,445,225,670,3,3,3,3,1,,,0.5056,1.9778
C12,sub,4,8577,1444,7133,4,4,4,4,,0,0,0.1684,4.9398
C12,sub,2,55,14,41,2,2,2,2,,0,0,0.2545,2.9286
C12,sub,3,871,581,290,3,3,3,3,,1,1,0.667,0.4991
C12,add,3,517,405,922,3,3,3,3,1,,,0.7834,1.2765
C12,add,3,127,293,420,3,3,3,3,2,,,0.4334,0.4334
C12,add,2,11,22,33,2,2,2,2,0,,,0.5,0.5
C12,sub,3,573,259,314,3,3,3,3,,1,1,0.452,1.2124
C12,add,3,887,391,1278,3,3,4,3,2,,,0.4408,2.2685
C12,sub,2,74,59,15,2,2,2,2,,1,1,0.7973,0.2542
C12,add,2,61,11,72,2,2,2,2,0,,,0.1803,5.5455
C12,sub,3,291,273,18,3,3,2,3,,1,1,0.9381,0.0659
C12,add,2,97,11,108,2,2,3,2,1,,,0.1134,8.8182
C12,add,2,40,92,132,2,2,3,2,1,,,0.4348,0.4348
C12,add,3,597,168,765,3,3,3,3,2,,,0.2814,3.5536
C12,sub,2,77,65,12,2,2,2,2,,0,0,0.8442,0.1846
C12,sub,3,533,414,119,3,3,3,3,,1,1,0.7767,0.2874
C12,sub,3,780,338,442,3,3,3,3,,1,1,0.4333,1.3077
C12,add,3,545,370,915,3,3,3,3,1,,,0.6789,1.473
C12,sub,4,7762,4964,2798,4,4,4,4,,3,3,0.6395,0.5637
C12,sub,2,91,37,54,2,2,2,2,,1,1,0.4066,1.4595
C12,sub,3,726,235,491,3,3,3,3,,1,1,0.3237,2.0894
C12,sub,3,633,613,20,3,3,2,3,,0,0,0.9684,0.0326
C12,add,3,892,186,1078,3,3,4,3,2,,,0.2085,4.7957
C12,sub,4,5294,1616,3678,4,4,4,4,,2,2,0.3053,2.276
C12,sub,2,86,62,24,2,2,2,2,,0,0,0.7209,0.3871
C12,sub,3,834,520,314,3,3,3,3,,0,0,0.6235,0.6038
C12,sub,4,4381,4047,334,4,4,3,4,,1,1,0.9238,0.0825
C12,add,2,79,11,90,2,2,2,2,1,,,0.1392,7.1818
C12,add,3,784,595,1379,3,3,4,3,2,,,0.7589,1.3176
C12,add,4,4758,3340,8098,4,4,4,4,1,,,0.702,1.4246
C12,add,2,44,93,137,2,2,3,2,1,,,0.4731,0.4731
C12,sub,2,66,51,15,2,2,2,2,,0,0,0.7727,0.2941
C12,sub,3,742,123,619,3,3,3,3,,1,1,0.1658,5.0325
C12,sub,2,96,26,70,2,2,2,2,,0,0,0.2708,2.6923
C12,add,2,63,29,92,2,2,2,2,1,,,0.4603,2.1724
C12,add,2,63,63,126,2,2,3,2,1,,,1.0,1.0
C12,sub,4,6768,5010,1758,4,4,4,4,,0,0,0.7402,0.3509
C12,add,2,24,43,67,2,2,2,2,0,,,0.5581,0.5581
C12,sub,2,89,49,40,2,2,2,2,,0,0,0.5506,0.8163
C12,sub,4,2590,1126,1464,4,4,4,4,,1,1,0.4347,1.3002
C12,sub,4,8262,2411,5851,4,4,4,4,,1,1,0.2918,2.4268
C12,sub,3,750,714,36,3,3,2,3,,1,1,0.952,0.0504
C12,add,2,71,76,147,2,2,3,2,1,,,0.9342,0.9342
C12,add,2,75,24,99,2,2,2,2,0,,,0.32,3.125
C12,add,2,66,15,81,2,2,2,2,1,,,0.2273,4.4
C12,sub,4,4740,3917,823,4,4,3,4,,2,2,0.8264,0.2101
C12,add,3,905,272,1177,3,3,4,3,1,,,0.3006,3.3272
C12,sub,3,776,208,568,3,3,3,3,,1,1,0.268,2.7308
C12,sub,3,591,231,360,3,3,3,3,,0,0,0.3909,1.5584
C12,sub,4,5241,4315,926,4,4,3,4,,2,2,0.8233,0.2146
C12,add,2,29,13,42,2,2,2,2,1,,,0.4483,2.2308
C12,sub,4,6876,5826,1050,4,4,4,4,,0,0,0.8473,0.1802
C12,sub,2,49,14,35,2,2,2,2,,0,0,0.2857,2.5
C12,sub,2,60,34,26,2,2,2,2,,1,1,0.5667,0.7647
C12,sub,2,85,46,39,2,2,2,2,,1,1,0.5412,0.8478
C12,add,3,516,129,645,3,3,3,3,1,,,0.25,4.0
C12,sub,4,9981,2655,7326,4,4,4,4,,1,1,0.266,2.7593
C12,add,2,50,63,113,2,2,3,2,1,,,0.7937,0.7937
C12,sub,4,6520,5212,1308,4,4,4,4,,1,1,0.7994,0.251
C12,sub,2,48,37,11,2,2,2,2,,0,0,0.7708,0.2973
C12,add,3,772,842,1614,3,3,4,3,2,,,0.9169,0.9169
C12,sub,2,51,19,32,2,2,2,2,,1,1,0.3725,1.6842
C12,sub,3,716,554,162,3,3,3,3,,1,1,0.7737,0.2924
C12,sub,4,7731,4752,2979,4,4,4,4,,3,3,0.6147,0.6269
C12,add,2,35,13,48,2,2,2,2,0,,,0.3714,2.6923
C12,sub,2,97,15,82,2,2,2,2,,0,0,0.1546,5.4667
C12,sub,2,97,21,76,2,2,2,2,,0,0,0.2165,3.619
C12,sub,4,2758,1071,1687,4,4,4,4,,1,1,0.3883,1.5752
C12,add,2,26,47,73,2,2,2,2,1,,,0.5532,0.5532
C12,add,3,805,553,1358,3,3,4,3,1,,,0.687,1.4557
C12,sub,2,89,20,69,2,2,2,2,,0,0,0.2247,3.45
C12,add,3,689,249,938,3,3,3,3,2,,,0.3614,2.7671
C12,sub,3,556,113,443,3,3,3,3,,0,0,0.2032,3.9204
C12,add,3,161,810,971,3,3,3,3,0,,,0.1988,0.1988
C12,sub,2,38,15,23,2,2,2,2,,0,0,0.3947,1.5333
C12,add,2,51,12,63,2,2,2,2,0,,,0.2353,4.25
C12,add,2,32,94,126,2,2,3,2,1,,,0.3404,0.3404
C12,add,3,883,595,1478,3,3,4,3,2,,,0.6738,1.484
C12,sub,3,725,542,183,3,3,3,3,,1,1,0.7476,0.3376
C12,add,3,554,643,1197,3,3,4,3,1,,,0.8616,0.8616
C12,sub,4,8621,2828,5793,4,4,4,4,,3,3,0.328,2.0484
C12,add,4,2156,2400,4556,4,4,4,4,0,,,0.8983,0.8983
C12,sub,4,8772,1210,7562,4,4,4,4,,0,0,0.1379,6.2496
C12,add,4,2099,1661,3760,4,4,4,4,2,,,0.7913,1.2637
C12,sub,2,93,76,17,2,2,2,2,,1,1,0.8172,0.2237
C12,add,3,906,773,1679,3,3,4,3,1,,,0.8532,1.1721
C12,add,2,63,96,159,2,2,3,2,1,,,0.6562,0.6562
C12,add,3,139,953,1092,3,3,4,3,2,,,0.1459,0.1459
C12,add,2,40,91,131,2,2,3,2,1,,,0.4396,0.4396
C12,add,2,96,24,120,2,2,3,2,2,,,0.25,4.0
C12,sub,3,876,815,61,3,3,2,3,,0,0,0.9304,0.0748
C12,sub,3,947,226,721,3,3,3,3,,0,0,0.2386,3.1903
C12,add,2,47,13,60,2,2,2,2,1,,,0.2766,3.6154
C12,sub,4,8541,7417,1124,4,4,4,4,,1,1,0.8684,0.1515
C12,sub,3,571,284,287,3,3,3,3,,2,2,0.4974,1.0106
C12,sub,4,7931,5443,2488,4,4,4,4,,2,2,0.6863,0.4571
C12,add,4,1178,5371,6549,4,4,4,4,1,,,0.2193,0.2193
C12,add,3,631,637,1268,3,3,4,3,1,,,0.9906,0.9906
C12,add,3,790,538,1328,3,3,4,3,2,,,0.681,1.4684
C12,add,4,8381,1097,9478,4,4,4,4,1,,,0.1309,7.6399
C12,sub,4,7655,2302,5353,4,4,4,4,,0,0,0.3007,2.3254
C12,sub,2,41,11,30,2,2,2,2,,0,0,0.2683,2.7273
C12,sub,3,509,366,143,3,3,3,3,,1,1,0.7191,0.3907
C12,add,3,918,268,1186,3,3,4,3,2,,,0.2919,3.4254
C12,add,2,36,67,103,2,2,3,2,2,,,0.5373,0.5373
C12,sub,2,93,29,64,2,2,2,2,,1,1,0.3118,2.2069
C12,add,4,4843,3361,8204,4,4,4,4,2,,,0.694,1.4409
C12,add,2,36,34,70,2,2,2,2,1,,,0.9444,1.0588
C12,sub,4,8037,8020,17,4,4,2,4,,0,0,0.9979,0.0021
C12,sub,4,9747,9215,532,4,4,3,4,,0,0,0.9454,0.0577
C12,sub,4,7176,4011,3165,4,4,4,4,,0,0,0.5589,0.7891
C12,sub,4,5899,1237,4662,4,4,4,4,,0,0,0.2097,3.7688
C12,sub,3,762,504,258,3,3,3,3,,1,1,0.6614,0.5119
C12,sub,4,6351,1691,4660,4,4,4,4,,2,2,0.2663,2.7558
C12,sub,2,75,12,63,2,2,2,2,,0,0,0.16,5.25
C12,sub,2,63,52,11,2,2,2,2,,0,0,0.8254,0.2115
C12,sub,4,1888,1378,510,4,4,3,4,,0,0,0.7299,0.3701
C12,sub,3,900,671,229,3,3,3,3,,2,2,0.7456,0.3413
C12,sub,2,87,61,26,2,2,2,2,,0,0,0.7011,0.4262
C12,add,4,1671,6309,7980,4,4,4,4,1,,,0.2649,0.2649
C12,sub,4,8965,6637,2328,4,4,4,4,,1,1,0.7403,0.3508
C12,sub,2,99,43,56,2,2,2,2,,0,0,0.4343,1.3023
C12,add,2,79,44,123,2,2,3,2,2,,,0.557,1.7955
C12,sub,4,7803,1283,6520,4,4,4,4,,1,1,0.1644,5.0818
C12,add,2,76,39,115,2,2,3,2,2,,,0.5132,1.9487
C12,sub,2,76,50,26,2,2,2,2,,0,0,0.6579,0.52
C12,sub,2,64,25,39,2,2,2,2,,1,1,0.3906,1.56
C12,sub,2,97,43,54,2,2,2,2,,0,0,0.4433,1.2558
C12,sub,2,95,67,28,2,2,2,2,,1,1,0.7053,0.4179
C12,sub,2,28,11,17,2,2,2,2,,0,0,0.3929,1.5455
C12,sub,2,65,51,14,2,2,2,2,,0,0,0.7846,0.2745
C12,sub,3,793,318,475,3,3,3,3,,1,1,0.401,1.4937
C12,sub,4,7315,5483,1832,4,4,4,4,,2,2,0.7496,0.3341
C12,sub,3,974,141,833,3,3,3,3,,0,0,0.1448,5.9078
C12,add,2,82,48,130,2,2,3,2,2,,,0.5854,1.7083
C12,sub,2,81,27,54,2,2,2,2,,1,1,0.3333,2.0
C12,add,3,531,347,878,3,3,3,3,0,,,0.6535,1.5303
C12,sub,2,98,58,40,2,2,2,2,,0,0,0.5918,0.6897
C12,sub,2,87,44,43,2,2,2,2,,0,0,0.5057,0.9773
C12,add,3,363,335,698,3,3,3,3,0,,,0.9229,1.0836
C12,add,2,83,81,164,2,2,3,2,1,,,0.9759,1.0247
C12,add,3,633,605,1238,3,3,4,3,1,,,0.9558,1.0463
C12,sub,3,834,610,224,3,3,3,3,,0,0,0.7314,0.3672
C12,sub,4,9952,6196,3756,4,4,4,4,,2,2,0.6226,0.6062
C12,sub,4,8903,4129,4774,4,4,4,4,,2,2,0.4638,1.1562
C12,add,3,617,377,994,3,3,3,3,1,,,0.611,1.6366
C12,sub,4,6969,3246,3723,4,4,4,4,,0,0,0.4658,1.147
C12,sub,3,190,120,70,3,3,2,3,,0,0,0.6316,0.5833
C12,add,3,389,382,771,3,3,3,3,2,,,0.982,1.0183
C12,sub,3,877,855,22,3,3,2,3,,0,0,0.9749,0.0257
C12,sub,4,6500,1227,5273,4,4,4,4,,2,2,0.1888,4.2975
C12,add,3,127,315,442,3,3,3,3,1,,,0.4032,0.4032
C12,add,2,20,29,49,2,2,2,2,0,,,0.6897,0.6897
C12,add,3,105,609,714,3,3,3,3,1,,,0.1724,0.1724
C12,sub,4,5150,2063,3087,4,4,4,4,,2,2,0.4006,1.4964
C12,sub,3,646,547,99,3,3,2,3,,2,2,0.8467,0.181
C12,sub,2,51,40,11,2,2,2,2,,0,0,0.7843,0.275
C12,sub,3,927,133,794,3,3,3,3,,1,1,0.1435,5.9699
C12,sub,2,90,80,10,2,2,2,2,,0,0,0.8889,0.125
C12,add,4,6773,2647,9420,4,4,4,4,3,,,0.3908,2.5587
C12,sub,3,967,812,155,3,3,3,3,,0,0,0.8397,0.1909
C12,sub,3,867,750,117,3,3,3,3,,0,0,0.8651,0.156
C12,add,3,312,452,764,3,3,3,3,0,,,0.6903,0.6903
C12,sub,3,955,401,554,3,3,3,3,,0,0,0.4199,1.3815
C12,add,3,197,101,298,3,3,3,3,0,,,0.5127,1.9505
C12,sub,2,86,46,40,2,2,2,2,,0,0,0.5349,0.8696
C12,sub,4,6195,4152,2043,4,4,4,4,,0,0,0.6702,0.4921
C12,add,3,277,299,576,3,3,3,3,2,,,0.9264,0.9264
C12,add,3,683,310,993,3,3,3,3,0,,,0.4539,2.2032
C12,sub,2,79,18,61,2,2,2,2,,0,0,0.2278,3.3889
C12,sub,2,48,27,21,2,2,2,2,,0,0,0.5625,0.7778
C12,sub,2,48,28,20,2,2,2,2,,0,0,0.5833,0.7143
C12,sub,2,80,62,18,2,2,2,2,,1,1,0.775,0.2903
C12,sub,2,64,34,30,2,2,2,2,,0,0,0.5312,0.8824
C12,add,3,605,739,1344,3,3,4,3,2,,,0.8187,0.8187
C12,sub,3,600,142,458,3,3,3,3,,2,2,0.2367,3.2254
C12,add,3,223,392,615,3,3,3,3,1,,,0.5689,0.5689
C12,add,2,33,96,129,2,2,3,2,1,,,0.3438,0.3438
C12,add,2,61,18,79,2,2,2,2,0,,,0.2951,3.3889
C12,sub,2,99,32,67,2,2,2,2,,0,0,0.3232,2.0938
C12,sub,2,46,21,25,2,2,2,2,,0,0,0.4565,1.1905
C12,sub,2,95,76,19,2,2,2,2,,1,1,0.8,0.25
C12,sub,3,955,146,809,3,3,3,3,,1,1,0.1529,5.5411
C12,add,3,181,624,805,3,3,3,3,1,,,0.2901,0.2901
C12,add,3,541,624,1165,3,3,4,3,1,,,0.867,0.867
C12,add,2,54,68,122,2,2,3,2,2,,,0.7941,0.7941
C12,sub,2,72,10,62,2,2,2,2,,0,0,0.1389,6.2
C12,sub,4,9708,3529,6179,4,4,4,4,,2,2,0.3635,1.7509
C12,sub,2,48,37,11,2,2,2,2,,0,0,0.7708,0.2973
C12,sub,3,666,247,419,3,3,3,3,,1,1,0.3709,1.6964
C12,add,2,94,45,139,2,2,3,2,1,,,0.4787,2.0889
C12,add,2,18,13,31,2,2,2,2,1,,,0.7222,1.3846
C12,add,3,343,649,992,3,3,3,3,1,,,0.5285,0.5285
C12,sub,3,743,404,339,3,3,3,3,,1,1,0.5437,0.8391
C12,add,3,824,846,1670,3,3,4,3,2,,,0.974,0.974
C12,sub,3,961,853,108,3,3,3,3,,1,1,0.8876,0.1266
C12,add,3,662,195,857,3,3,3,3,1,,,0.2946,3.3949
C12,add,2,79,86,165,2,2,3,2,2,,,0.9186,0.9186
C12,sub,2,64,37,27,2,2,2,2,,1,1,0.5781,0.7297
C12,sub,3,302,272,30,3,3,2,3,,1,1,0.9007,0.1103
C12,sub,4,6164,5413,751,4,4,3,4,,1,1,0.8782,0.1387
C12,add,2,75,89,164,2,2,3,2,2,,,0.8427,0.8427
C12,sub,4,1756,1151,605,4,4,3,4,,0,0,0.6555,0.5256
C12,add,2,78,19,97,2,2,2,2,1,,,0.2436,4.1053
C12,sub,2,95,35,60,2,2,2,2,,0,0,0.3684,1.7143
C12,add,3,942,874,1816,3,3,4,3,2,,,0.9278,1.0778
C12,sub,3,948,587,361,3,3,3,3,,1,1,0.6192,0.615
C12,sub,3,875,372,503,3,3,3,3,,0,0,0.4251,1.3522
C12,sub,4,5263,3378,1885,4,4,4,4,,3,3,0.6418,0.558
C12,add,4,1041,1924,2965,4,4,4,4,0,,,0.5411,0.5411
C12,add,2,83,28,111,2,2,3,2,2,,,0.3373,2.9643
C12,sub,3,549,385,164,3,3,3,3,,1,1,0.7013,0.426
C12,sub,2,85,65,20,2,2,2,2,,0,0,0.7647,0.3077
C12,add,4,5391,3949,9340,4,4,4,4,3,,,0.7325,1.3652
C12,sub,2,57,22,35,2,2,2,2,,0,0,0.386,1.5909
C12,sub,4,9839,9412,427,4,4,3,4,,0,0,0.9566,0.0454
C12,sub,4,3532,1502,2030,4,4,4,4,,0,0,0.4253,1.3515
C12,sub,4,8812,6669,2143,4,4,4,4,,2,2,0.7568,0.3213
C12,sub,3,971,136,835,3,3,3,3,,1,1,0.1401,6.1397
C12,add,2,31,11,42,2,2,2,2,0,,,0.3548,2.8182
C12,add,4,1261,1821,3082,4,4,4,4,1,,,0.6925,0.6925
C12,add,3,983,222,1205,3,3,4,3,2,,,0.2258,4.4279
C12,sub,3,917,518,399,3,3,3,3,,2,2,0.5649,0.7703
C12,add,2,77,57,134,2,2,3,2,2,,,0.7403,1.3509
C12,sub,2,86,43,43,2,2,2,2,,0,0,0.5,1.0
C12,sub,4,9192,4669,4523,4,4,4,4,,2,2,0.5079,0.9687
C12,sub,4,4725,4296,429,4,4,3,4,,2,2,0.9092,0.0999
C12,add,3,332,697,1029,3,3,4,3,2,,,0.4763,0.4763
C12,add,3,920,324,1244,3,3,4,3,1,,,0.3522,2.8395
C12,sub,3,355,170,185,3,3,3,3,,1,1,0.4789,1.0882
C12,sub,4,9404,2547,6857,4,4,4,4,,3,3,0.2708,2.6922
C12,add,3,310,654,964,3,3,3,3,0,,,0.474,0.474
C12,add,4,2904,1113,4017,4,4,4,4,1,,,0.3833,2.6092
C12,sub,3,943,349,594,3,3,3,3,,2,2,0.3701,1.702
C12,add,4,1767,3690,5457,4,4,4,4,2,,,0.4789,0.4789
C12,sub,3,640,159,481,3,3,3,3,,2,2,0.2484,3.0252
C12,sub,4,6207,2596,3611,4,4,4,4,,2,2,0.4182,1.391
C12,sub,4,9126,5201,3925,4,4,4,4,,1,1,0.5699,0.7547
C12,add,3,987,509,1496,3,3,4,3,2,,,0.5157,1.9391
C12,sub,4,9206,2932,6274,4,4,4,4,,2,2,0.3185,2.1398
C12,sub,4,9018,8294,724,4,4,3,4,,2,2,0.9197,0.0873
C12,add,3,896,718,1614,3,3,4,3,3,,,0.8013,1.2479
C12,add,4,2396,3619,6015,4,4,4,4,3,,,0.6621,0.6621
C12,add,3,332,469,801,3,3,3,3,2,,,0.7079,0.7079
C12,sub,4,7759,5181,2578,4,4,4,4,,1,1,0.6677,0.4976
C12,add,2,66,34,100,2,2,3,2,2,,,0.5152,1.9412
C12,add,3,748,126,874,3,3,3,3,1,,,0.1684,5.9365
C12,sub,4,6246,4740,1506,4,4,4,4,,1,1,0.7589,0.3177
C12,sub,3,581,493,88,3,3,2,3,,2,2,0.8485,0.1785
C12,sub,3,856,624,232,3,3,3,3,,0,0,0.729,0.3718
C12,add,3,342,427,769,3,3,3,3,0,,,0.8009,0.8009
C12,sub,2,64,26,38,2,2,2,2,,1,1,0.4062,1.4615
C12,sub,4,9287,3116,6171,4,4,4,4,,0,0,0.3355,1.9804
C12,sub,4,6164,2571,3593,4,4,4,4,,2,2,0.4171,1.3975
C12,add,3,554,717,1271,3,3,4,3,2,,,0.7727,0.7727
C12,add,2,86,92,178,2,2,3,2,1,,,0.9348,0.9348
C12,sub,2,96,52,44,2,2,2,2,,0,0,0.5417,0.8462
C12,sub,3,427,200,227,3,3,3,3,,0,0,0.4684,1.135
C12,add,3,422,464,886,3,3,3,3,0,,,0.9095,0.9095
C12,add,2,88,32,120,2,2,3,2,2,,,0.3636,2.75
C12,sub,3,501,240,261,3,3,3,3,,1,1,0.479,1.0875
C12,add,4,1334,3923,5257,4,4,4,4,1,,,0.34,0.34
C12,sub,4,7888,2709,5179,4,4,4,4,,1,1,0.3434,1.9118
C12,add,4,3968,3989,7957,4,4,4,4,3,,,0.9947,0.9947
C12,add,2,99,55,154,2,2,3,2,2,,,0.5556,1.8
C12,add,2,17,17,34,2,2,2,2,1,,,1.0,1.0
C12,add,4,5240,3122,8362,4,4,4,4,0,,,0.5958,1.6784
C12,add,4,2253,4857,7110,4,4,4,4,3,,,0.4639,0.4639
C12,sub,4,9336,1749,7587,4,4,4,4,,3,3,0.1873,4.3379
C12,add,3,452,562,1014,3,3,4,3,2,,,0.8043,0.8043
C12,add,3,284,929,1213,3,3,4,3,3,,,0.3057,0.3057
C12,sub,4,9485,5725,3760,4,4,4,4,,1,1,0.6036,0.6568
C12,add,2,76,69,145,2,2,3,2,2,,,0.9079,1.1014
C12,add,2,80,84,164,2,2,3,2,1,,,0.9524,0.9524
C12,add,3,751,477,1228,3,3,4,3,2,,,0.6352,1.5744
C12,sub,4,8823,4393,4430,4,4,4,4,,1,1,0.4979,1.0084
C12,add,3,612,275,887,3,3,3,3,0,,,0.4493,2.2255
C12,add,4,3797,1690,5487,4,4,4,4,2,,,0.4451,2.2467
C12,add,2,81,29,110,2,2,3,2,2,,,0.358,2.7931
C12,sub,4,5695,1541,4154,4,4,4,4,,0,0,0.2706,2.6957
C12,add,3,136,319,455,3,3,3,3,1,,,0.4263,0.4263
C12,add,3,316,609,925,3,3,3,3,1,,,0.5189,0.5189
C12,add,4,7346,2027,9373,4,4,4,4,1,,,0.2759,3.6241
C12,add,2,65,57,122,2,2,3,2,2,,,0.8769,1.1404
C12,sub,2,94,55,39,2,2,2,2,,1,1,0.5851,0.7091
C12,add,2,18,49,67,2,2,2,2,1,,,0.3673,0.3673
C12,sub,3,457,215,242,3,3,3,3,,0,0,0.4705,1.1256
C12,sub,4,5453,1356,4097,4,4,4,4,,2,2,0.2487,3.0214
C12,add,2,34,40,74,2,2,2,2,0,,,0.85,0.85
C12,sub,4,5766,3294,2472,4,4,4,4,,1,1,0.5713,0.7505
C12,sub,3,747,446,301,3,3,3,3,,0,0,0.5971,0.6749
C12,sub,2,76,30,46,2,2,2,2,,0,0,0.3947,1.5333
C12,add,3,766,548,1314,3,3,4,3,3,,,0.7154,1.3978
C12,sub,4,9979,9794,185,4,4,3,4,,1,1,0.9815,0.0189
C12,sub,2,62,34,28,2,2,2,2,,1,1,0.5484,0.8235
C12,add,4,3134,1053,4187,4,4,4,4,0,,,0.336,2.9763
C12,add,2,48,66,114,2,2,3,2,2,,,0.7273,0.7273
C12,add,3,685,479,1164,3,3,4,3,3,,,0.6993,1.4301
C12,add,4,3124,1081,4205,4,4,4,4,1,,,0.346,2.8899
C12,sub,3,586,204,382,3,3,3,3,,0,0,0.3481,1.8725
C12,sub,2,60,26,34,2,2,2,2,,1,1,0.4333,1.3077
C12,add,2,15,13,28,2,2,2,2,0,,,0.8667,1.1538
C12,sub,2,89,42,47,2,2,2,2,,0,0,0.4719,1.119
C12,sub,4,8706,2493,6213,4,4,4,4,,1,1,0.2864,2.4922
C12,sub,3,635,123,512,3,3,3,3,,0,0,0.1937,4.1626
C12,add,3,658,598,1256,3,3,4,3,3,,,0.9088,1.1003
C12,sub,2,78,45,33,2,2,2,2,,0,0,0.5769,0.7333
C12,add,3,417,136,553,3,3,3,3,1,,,0.3261,3.0662
C12,sub,2,89,28,61,2,2,2,2,,0,0,0.3146,2.1786
C12,add,4,4819,3951,8770,4,4,4,4,2,,,0.8199,1.2197
C12,sub,4,6149,2057,4092,4,4,4,4,,1,1,0.3345,1.9893
C12,sub,2,57,26,31,2,2,2,2,,0,0,0.4561,1.1923
C12,add,3,318,369,687,3,3,3,3,1,,,0.8618,0.8618
C12,sub,4,6695,3823,2872,4,4,4,4,,1,1,0.571,0.7512
C12,add,3,359,761,1120,3,3,4,3,3,,,0.4717,0.4717
C12,sub,4,8621,1851,6770,4,4,4,4,,2,2,0.2147,3.6575
C12,add,2,27,68,95,2,2,2,2,1,,,0.3971,0.3971
C12,sub,3,955,434,521,3,3,3,3,,0,0,0.4545,1.2005
C12,add,2,37,44,81,2,2,2,2,1,,,0.8409,0.8409
C12,sub,2,73,28,45,2,2,2,2,,1,1,0.3836,1.6071
C12,sub,4,3853,1896,1957,4,4,4,4,,3,3,0.4921,1.0322
C12,sub,4,6436,4828,1608,4,4,4,4,,2,2,0.7502,0.3331
C12,sub,4,8380,3220,5160,4,4,4,4,,0,0,0.3842,1.6025
C12,add,4,1778,2330,4108,4,4,4,4,2,,,0.7631,0.7631
C12,add,3,893,678,1571,3,3,4,3,3,,,0.7592,1.3171
C12,add,2,40,58,98,2,2,2,2,0,,,0.6897,0.6897
C12,sub,4,9607,4185,5422,4,4,4,4,,1,1,0.4356,1.2956
C12,sub,3,999,705,294,3,3,3,3,,0,0,0.7057,0.417
C12,sub,4,5523,5469,54,4,4,2,4,,2,2,0.9902,0.0099
C12,sub,2,97,45,52,2,2,2,2,,0,0,0.4639,1.1556
C12,sub,4,3716,2578,1138,4,4,4,4,,2,2,0.6938,0.4414
C12,add,2,82,21,103,2,2,3,2,1,,,0.2561,3.9048
C12,sub,2,75,60,15,2,2,2,2,,0,0,0.8,0.25
C12,add,4,3554,1930,5484,4,4,4,4,1,,,0.5431,1.8415
C12,sub,3,674,483,191,3,3,3,3,,1,1,0.7166,0.3954
C12,add,2,88,75,163,2,2,3,2,2,,,0.8523,1.1733
C12,add,3,266,295,561,3,3,3,3,2,,,0.9017,0.9017
C12,add,3,443,877,1320,3,3,4,3,3,,,0.5051,0.5051
C12,add,4,3387,2938,6325,4,4,4,4,3,,,0.8674,1.1528
C12,add,2,44,74,118,2,2,3,2,1,,,0.5946,0.5946
C12,add,3,795,858,1653,3,3,4,3,3,,,0.9266,0.9266
C12,add,4,6718,3143,9861,4,4,4,4,1,,,0.4678,2.1374
C12,add,3,972,528,1500,3,3,4,3,3,,,0.5432,1.8409
C12,sub,2,38,10,28,2,2,2,2,,0,0,0.2632,2.8
C12,sub,4,9737,6202,3535,4,4,4,4,,0,0,0.637,0.57
C12,add,3,331,549,880,3,3,3,3,1,,,0.6029,0.6029
C12,add,3,537,478,1015,3,3,4,3,3,,,0.8901,1.1234
C12,sub,3,769,719,50,3,3,2,3,,0,0,0.935,0.0695
C12,add,3,762,854,1616,3,3,4,3,2,,,0.8923,0.8923
C12,sub,4,7721,6918,803,4,4,3,4,,2,2,0.896,0.1161
C12,add,2,93,73,166,2,2,3,2,1,,,0.7849,1.274
C12,sub,3,477,166,311,3,3,3,3,,0,0,0.348,1.8735
C12,sub,4,6850,2330,4520,4,4,4,4,,0,0,0.3401,1.9399
C12,add,3,185,561,746,3,3,3,3,1,,,0.3298,0.3298
C12,sub,4,8637,7588,1049,4,4,4,4,,2,2,0.8785,0.1382
C12,sub,4,7527,7363,164,4,4,3,4,,1,1,0.9782,0.0223
C12,sub,2,96,41,55,2,2,2,2,,0,0,0.4271,1.3415
C12,add,3,924,332,1256,3,3,4,3,1,,,0.3593,2.7831
C12,add,2,82,97,179,2,2,3,2,1,,,0.8454,0.8454
C12,add,3,968,116,1084,3,3,4,3,2,,,0.1198,8.3448
C12,sub,2,99,44,55,2,2,2,2,,0,0,0.4444,1.25
C12,sub,2,93,38,55,2,2,2,2,,1,1,0.4086,1.4474
C12,sub,2,58,18,40,2,2,2,2,,0,0,0.3103,2.2222
C12,sub,4,9390,1153,8237,4,4,4,4,,1,1,0.1228,7.144
C12,sub,3,827,221,606,3,3,3,3,,0,0,0.2672,2.7421
C12,add,3,960,681,1641,3,3,4,3,2,,,0.7094,1.4097
C12,sub,4,8719,3916,4803,4,4,4,4,,1,1,0.4491,1.2265
C12,sub,2,72,33,39,2,2,2,2,,1,1,0.4583,1.1818
C12,add,2,27,76,103,2,2,3,2,2,,,0.3553,0.3553
C12,sub,4,5307,3414,1893,4,4,4,4,,2,2,0.6433,0.5545
C12,sub,3,589,208,381,3,3,3,3,,0,0,0.3531,1.8317
C12,sub,3,759,311,448,3,3,3,3,,0,0,0.4097,1.4405
C12,add,2,27,99,126,2,2,3,2,2,,,0.2727,0.2727
C12,add,3,247,604,851,3,3,3,3,1,,,0.4089,0.4089
C12,add,3,169,103,272,3,3,3,3,1,,,0.6095,1.6408
C12,sub,4,9152,4103,5049,4,4,4,4,,1,1,0.4483,1.2306
C12,sub,2,75,21,54,2,2,2,2,,0,0,0.28,2.5714
C12,sub,2,75,61,14,2,2,2,2,,0,0,0.8133,0.2295
C12,sub,2,68,38,30,2,2,2,2,,0,0,0.5588,0.7895
C12,sub,2,51,16,35,2,2,2,2,,1,1,0.3137,2.1875
C12,add,2,28,82,110,2,2,3,2,2,,,0.3415,0.3415
C12,add,2,23,58,81,2,2,2,2,1,,,0.3966,0.3966
C12,add,3,588,686,1274,3,3,4,3,3,,,0.8571,0.8571
C12,sub,3,909,827,82,3,3,2,3,,1,1,0.9098,0.0992
C12,sub,4,7384,4605,2779,4,4,4,4,,2,2,0.6236,0.6035
C12,sub,3,970,339,631,3,3,3,3,,1,1,0.3495,1.8614
C12,add,3,487,567,1054,3,3,4,3,3,,,0.8589,0.8589
C12,add,3,916,164,1080,3,3,4,3,2,,,0.179,5.5854
C12,add,3,380,930,1310,3,3,4,3,2,,,0.4086,0.4086
C12,sub,4,6089,2069,4020,4,4,4,4,,0,0,0.3398,1.943
C12,sub,3,560,527,33,3,3,2,3,,1,1,0.9411,0.0626
C12,sub,4,7146,5245,1901,4,4,4,4,,1,1,0.734,0.3624
C12,add,3,684,312,996,3,3,3,3,0,,,0.4561,2.1923
C12,sub,2,81,30,51,2,2,2,2,,0,0,0.3704,1.7
C12,add,2,21,45,66,2,2,2,2,0,,,0.4667,0.4667
C12,add,2,93,28,121,2,2,3,2,2,,,0.3011,3.3214
C12,add,3,732,599,1331,3,3,4,3,3,,,0.8183,1.222
C12,sub,2,53,14,39,2,2,2,2,,1,1,0.2642,2.7857
C12,sub,4,5920,3285,2635,4,4,4,4,,2,2,0.5549,0.8021
C12,add,3,906,629,1535,3,3,4,3,2,,,0.6943,1.4404
C12,add,2,64,67,131,2,2,3,2,2,,,0.9552,0.9552
C12,sub,2,82,72,10,2,2,2,2,,0,0,0.878,0.1389
C12,sub,3,424,350,74,3,3,2,3,,1,1,0.8255,0.2114
C12,add,2,73,19,92,2,2,2,2,1,,,0.2603,3.8421
C12,sub,4,3434,2205,1229,4,4,4,4,,1,1,0.6421,0.5574
C12,add,2,36,52,88,2,2,2,2,0,,,0.6923,0.6923
C12,add,2,19,43,62,2,2,2,2,1,,,0.4419,0.4419
C12,sub,3,859,574,285,3,3,3,3,,1,1,0.6682,0.4965
C12,add,3,821,274,1095,3,3,4,3,1,,,0.3337,2.9964
C12,sub,3,862,129,733,3,3,3,3,,1,1,0.1497,5.6822
C12,sub,3,561,473,88,3,3,2,3,,2,2,0.8431,0.186
C12,sub,4,7905,7399,506,4,4,3,4,,2,2,0.936,0.0684
C12,add,3,841,676,1517,3,3,4,3,2,,,0.8038,1.2441
C12,add,3,318,906,1224,3,3,4,3,2,,,0.351,0.351
C12,add,3,599,265,864,3,3,3,3,2,,,0.4424,2.2604
C12,sub,4,4810,4685,125,4,4,3,4,,2,2,0.974,0.0267
C12,add,3,733,628,1361,3,3,4,3,2,,,0.8568,1.1672
C12,add,2,16,10,26,2,2,2,2,0,,,0.625,1.6
C12,sub,3,616,360,256,3,3,3,3,,1,1,0.5844,0.7111
C12,add,3,926,882,1808,3,3,4,3,2,,,0.9525,1.0499
C12,sub,4,7862,2576,5286,4,4,4,4,,2,2,0.3277,2.052
C12,add,2,38,67,105,2,2,3,2,2,,,0.5672,0.5672
C12,add,2,18,25,43,2,2,2,2,1,,,0.72,0.72
C12,sub,3,369,221,148,3,3,3,3,,0,0,0.5989,0.6697
C12,add,2,73,56,129,2,2,3,2,1,,,0.7671,1.3036
C12,add,3,129,605,734,3,3,3,3,1,,,0.2132,0.2132
C12,add,3,547,134,681,3,3,3,3,1,,,0.245,4.0821
C12,add,3,370,554,924,3,3,3,3,1,,,0.6679,0.6679
C12,add,2,88,43,131,2,2,3,2,2,,,0.4886,2.0465
C12,add,2,93,13,106,2,2,3,2,1,,,0.1398,7.1538
C12,sub,4,7490,1857,5633,4,4,4,4,,2,2,0.2479,3.0334
C12,add,2,19,65,84,2,2,2,2,1,,,0.2923,0.2923
C12,sub,4,9627,1377,8250,4,4,4,4,,1,1,0.143,5.9913
C12,sub,2,74,42,32,2,2,2,2,,0,0,0.5676,0.7619
C12,sub,4,6310,2176,4134,4,4,4,4,,2,2,0.3448,1.8998
C12,sub,3,274,101,173,3,3,3,3,,0,0,0.3686,1.7129
C12,add,3,556,606,1162,3,3,4,3,2,,,0.9175,0.9175
C12,sub,4,7889,1148,6741,4,4,4,4,,0,0,0.1455,5.872
C12,sub,2,71,42,29,2,2,2,2,,1,1,0.5915,0.6905
C12,sub,2,94,48,46,2,2,2,2,,1,1,0.5106,0.9583
C12,add,3,939,279,1218,3,3,4,3,3,,,0.2971,3.3656
C12,sub,2,80,24,56,2,2,2,2,,1,1,0.3,2.3333
C12,sub,4,9585,7889,1696,4,4,4,4,,3,3,0.8231,0.215
C12,add,3,270,296,566,3,3,3,3,1,,,0.9122,0.9122
C12,add,3,360,535,895,3,3,3,3,0,,,0.6729,0.6729
C12,add,3,114,328,442,3,3,3,3,1,,,0.3476,0.3476
C12,sub,4,3647,2077,1570,4,4,4,4,,1,1,0.5695,0.7559
C12,sub,3,887,434,453,3,3,3,3,,0,0,0.4893,1.0438
C12,sub,4,7133,5485,1648,4,4,4,4,,3,3,0.769,0.3005
C12,add,3,687,915,1602,3,3,4,3,3,,,0.7508,0.7508
C12,add,2,83,68,151,2,2,3,2,2,,,0.8193,1.2206
C12,add,3,817,190,1007,3,3,4,3,2,,,0.2326,4.3
C12,add,3,347,891,1238,3,3,4,3,2,,,0.3895,0.3895
C12,add,3,521,341,862,3,3,3,3,0,,,0.6545,1.5279
C12,sub,3,788,227,561,3,3,3,3,,0,0,0.2881,2.4714
C12,sub,4,9315,6487,2828,4,4,4,4,,3,3,0.6964,0.4359
C12,add,3,114,798,912,3,3,3,3,2,,,0.1429,0.1429
C12,sub,3,397,271,126,3,3,3,3,,0,0,0.6826,0.4649
C12,add,4,4955,2043,6998,4,4,4,4,0,,,0.4123,2.4254
C12,sub,2,57,15,42,2,2,2,2,,0,0,0.2632,2.8
C12,add,3,660,756,1416,3,3,4,3,2,,,0.873,0.873
C12,sub,4,1597,1255,342,4,4,3,4,,0,0,0.7858,0.2725
C12,sub,3,363,284,79,3,3,2,3,,2,2,0.7824,0.2782
C12,add,3,383,180,563,3,3,3,3,1,,,0.47,2.1278
C12,sub,4,8497,3637,4860,4,4,4,4,,1,1,0.428,1.3363
C12,sub,3,591,526,65,3,3,2,3,,1,1,0.89,0.1236
C12,sub,4,3860,1951,1909,4,4,4,4,,2,2,0.5054,0.9785
C12,add,3,282,630,912,3,3,3,3,1,,,0.4476,0.4476
C12,add,2,81,81,162,2,2,3,2,1,,,1.0,1.0
C12,sub,3,886,812,74,3,3,2,3,,0,0,0.9165,0.0911
C12,add,3,348,419,767,3,3,3,3,1,,,0.8305,0.8305
C12,sub,4,8319,2015,6304,4,4,4,4,,0,0,0.2422,3.1285
C12,sub,4,7321,2671,4650,4,4,4,4,,2,2,0.3648,1.7409
C12,add,2,97,80,177,2,2,3,2,1,,,0.8247,1.2125
C12,add,2,49,93,142,2,2,3,2,2,,,0.5269,0.5269
C12,sub,4,6428,5385,1043,4,4,4,4,,1,1,0.8377,0.1937
C12,sub,2,77,65,12,2,2,2,2,,0,0,0.8442,0.1846
C12,add,4,4462,2390,6852,4,4,4,4,1,,,0.5356,1.8669
C12,sub,4,8256,7209,1047,4,4,4,4,,1,1,0.8732,0.1452
C12,add,2,84,35,119,2,2,3,2,1,,,0.4167,2.4
C12,add,3,850,169,1019,3,3,4,3,2,,,0.1988,5.0296
C12,add,3,260,223,483,3,3,3,3,0,,,0.8577,1.1659
C12,add,4,3899,2015,5914,4,4,4,4,2,,,0.5168,1.935
C12,add,2,40,59,99,2,2,2,2,0,,,0.678,0.678
C12,add,3,865,339,1204,3,3,4,3,3,,,0.3919,2.5516
C12,add,3,158,239,397,3,3,3,3,1,,,0.6611,0.6611
C12,add,2,92,67,159,2,2,3,2,1,,,0.7283,1.3731
C12,sub,4,7963,4866,3097,4,4,4,4,,2,2,0.6111,0.6365
C12,sub,3,785,327,458,3,3,3,3,,1,1,0.4166,1.4006
C12,add,2,86,80,166,2,2,3,2,1,,,0.9302,1.075
C12,sub,4,9452,6069,3383,4,4,4,4,,2,2,0.6421,0.5574
C12,add,3,488,430,918,3,3,3,3,1,,,0.8811,1.1349
C12,sub,4,7503,1255,6248,4,4,4,4,,2,2,0.1673,4.9785
C12,sub,2,94,40,54,2,2,2,2,,0,0,0.4255,1.35
C12,add,4,2422,6444,8866,4,4,4,4,0,,,0.3759,0.3759
C12,sub,4,8349,3699,4650,4,4,4,4,,2,2,0.443,1.2571
C12,add,3,578,411,989,3,3,3,3,0,,,0.7111,1.4063
C12,add,2,41,44,85,2,2,2,2,0,,,0.9318,0.9318
C12,sub,4,9827,7087,2740,4,4,4,4,,1,1,0.7212,0.3866
C12,add,4,2225,7727,9952,4,4,4,4,1,,,0.288,0.288
C12,sub,4,3131,2044,1087,4,4,4,4,,2,2,0.6528,0.5318
C12,sub,2,44,17,27,2,2,2,2,,1,1,0.3864,1.5882
C12,sub,3,730,235,495,3,3,3,3,,2,2,0.3219,2.1064
C12,sub,2,74,17,57,2,2,2,2,,1,1,0.2297,3.3529
C12,sub,4,7621,6623,998,4,4,3,4,,3,3,0.869,0.1507
C12,sub,4,5001,4808,193,4,4,3,4,,3,3,0.9614,0.0401
C12,add,2,15,98,113,2,2,3,2,2,,,0.1531,0.1531
C12,sub,2,82,25,57,2,2,2,2,,1,1,0.3049,2.28
C12,add,2,97,85,182,2,2,3,2,2,,,0.8763,1.1412
C12,sub,3,943,378,565,3,3,3,3,,2,2,0.4008,1.4947
C12,add,2,14,82,96,2,2,2,2,0,,,0.1707,0.1707
C12,sub,2,60,48,12,2,2,2,2,,1,1,0.8,0.25
C12,sub,4,9447,3426,6021,4,4,4,4,,0,0,0.3627,1.7574
C12,sub,2,71,59,12,2,2,2,2,,1,1,0.831,0.2034
C12,sub,4,9367,7493,1874,4,4,4,4,,2,2,0.7999,0.2501
C12,add,2,39,25,64,2,2,2,2,1,,,0.641,1.56
C12,sub,2,91,36,55,2,2,2,2,,1,1,0.3956,1.5278
C12,sub,4,5117,3343,1774,4,4,4,4,,2,2,0.6533,0.5307
C12,add,2,27,59,86,2,2,2,2,1,,,0.4576,0.4576
C12,add,3,318,884,1202,3,3,4,3,3,,,0.3597,0.3597
C12,add,4,4198,1131,5329,4,4,4,4,1,,,0.2694,3.7118
C12,add,2,38,57,95,2,2,2,2,1,,,0.6667,0.6667
C12,sub,2,51,34,17,2,2,2,2,,1,1,0.6667,0.5
C12,sub,2,89,38,51,2,2,2,2,,0,0,0.427,1.3421
C12,sub,2,78,20,58,2,2,2,2,,0,0,0.2564,2.9
C12,add,3,871,597,1468,3,3,4,3,2,,,0.6854,1.459
C12,add,3,129,642,771,3,3,3,3,1,,,0.2009,0.2009
C12,sub,3,905,878,27,3,3,2,3,,2,2,0.9702,0.0308
C12,add,2,57,71,128,2,2,3,2,1,,,0.8028,0.8028
C12,add,4,5656,4055,9711,4,4,4,4,2,,,0.7169,1.3948
C12,add,3,467,550,1017,3,3,4,3,2,,,0.8491,0.8491
C12,sub,3,724,466,258,3,3,3,3,,2,2,0.6436,0.5536
C12,add,2,72,55,127,2,2,3,2,1,,,0.7639,1.3091
C12,sub,3,848,660,188,3,3,3,3,,1,1,0.7783,0.2848
C12,add,3,922,328,1250,3,3,4,3,2,,,0.3557,2.811
C12,add,2,41,48,89,2,2,2,2,0,,,0.8542,0.8542
C12,sub,4,7619,2585,5034,4,4,4,4,,1,1,0.3393,1.9474
C12,add,3,866,246,1112,3,3,4,3,3,,,0.2841,3.5203
C12,sub,4,6460,6366,94,4,4,2,4,,2,2,0.9854,0.0148
C12,add,3,221,540,761,3,3,3,3,0,,,0.4093,0.4093
C12,sub,3,964,247,717,3,3,3,3,,1,1,0.2562,2.9028
C12,sub,4,2315,1338,977,4,4,3,4,,3,3,0.578,0.7302
C12,add,2,69,68,137,2,2,3,2,2,,,0.9855,1.0147
C12,sub,4,3736,1506,2230,4,4,4,4,,0,0,0.4031,1.4807
C12,add,3,864,629,1493,3,3,4,3,2,,,0.728,1.3736
C12,add,3,766,649,1415,3,3,4,3,3,,,0.8473,1.1803
C12,add,3,831,769,1600,3,3,4,3,3,,,0.9254,1.0806
C12,sub,3,410,145,265,3,3,3,3,,2,2,0.3537,1.8276
C12,add,2,23,30,53,2,2,2,2,0,,,0.7667,0.7667
C12,sub,4,8323,7993,330,4,4,3,4,,2,2,0.9604,0.0413
C12,add,3,109,890,999,3,3,3,3,0,,,0.1225,0.1225
C12,sub,4,4352,1718,2634,4,4,4,4,,2,2,0.3948,1.5332
C12,add,3,894,613,1507,3,3,4,3,2,,,0.6857,1.4584
C12,add,3,344,572,916,3,3,3,3,1,,,0.6014,0.6014
C12,add,3,898,587,1485,3,3,4,3,3,,,0.6537,1.5298
C12,add,3,854,325,1179,3,3,4,3,1,,,0.3806,2.6277
C12,sub,4,1851,1549,302,4,4,3,4,,1,1,0.8368,0.195
C12,add,3,865,212,1077,3,3,4,3,1,,,0.2451,4.0802
C12,sub,3,964,345,619,3,3,3,3,,1,1,0.3579,1.7942
C12,add,4,3516,2349,5865,4,4,4,4,1,,,0.6681,1.4968
C12,sub,3,446,400,46,3,3,2,3,,0,0,0.8969,0.115
C12,add,3,101,837,938,3,3,3,3,0,,,0.1207,0.1207
C12,add,4,4276,4438,8714,4,4,4,4,2,,,0.9635,0.9635
C12,sub,4,6310,2616,3694,4,4,4,4,,3,3,0.4146,1.4121
C12,sub,4,8371,5160,3211,4,4,4,4,,0,0,0.6164,0.6223
C12,sub,3,789,588,201,3,3,3,3,,0,0,0.7452,0.3418
C12,sub,3,933,850,83,3,3,2,3,,1,1,0.911,0.0976
C12,add,4,1295,4559,5854,4,4,4,4,2,,,0.2841,0.2841
C12,add,4,2036,6457,8493,4,4,4,4,1,,,0.3153,0.3153
C12,add,2,84,20,104,2,2,3,2,1,,,0.2381,4.2
C12,sub,2,80,15,65,2,2,2,2,,1,1,0.1875,4.3333
C12,add,2,66,13,79,2,2,2,2,0,,,0.197,5.0769
C12,sub,4,3998,3299,699,4,4,3,4,,2,2,0.8252,0.2119
C12,sub,2,43,31,12,2,2,2,2,,0,0,0.7209,0.3871
C12,sub,2,99,50,49,2,2,2,2,,0,0,0.5051,0.98
C12,add,3,265,384,649,3,3,3,3,1,,,0.6901,0.6901
C12,add,2,25,76,101,2,2,3,2,2,,,0.3289,0.3289
C12,sub,4,8811,4367,4444,4,4,4,4,,2,2,0.4956,1.0176
C12,sub,3,911,675,236,3,3,3,3,,2,2,0.7409,0.3496
C12,add,3,424,334,758,3,3,3,3,0,,,0.7877,1.2695
C12,sub,2,98,40,58,2,2,2,2,,0,0,0.4082,1.45
C12,add,2,15,65,80,2,2,2,2,1,,,0.2308,0.2308
C12,sub,2,72,11,61,2,2,2,2,,0,0,0.1528,5.5455
C12,sub,2,71,27,44,2,2,2,2,,1,1,0.3803,1.6296
C12,sub,2,83,21,62,2,2,2,2,,0,0,0.253,2.9524
C12,sub,4,2764,1815,949,4,4,3,4,,2,2,0.6567,0.5229
C12,sub,4,3771,1642,2129,4,4,4,4,,1,1,0.4354,1.2966
C12,sub,3,498,155,343,3,3,3,3,,0,0,0.3112,2.2129
C12,sub,3,253,188,65,3,3,2,3,,2,2,0.7431,0.3457
C12,add,3,867,104,971,3,3,3,3,1,,,0.12,8.3365
C12,sub,2,90,12,78,2,2,2,2,,1,1,0.1333,6.5
C12,sub,2,92,10,82,2,2,2,2,,0,0,0.1087,8.2
C12,add,4,3125,3712,6837,4,4,4,4,0,,,0.8419,0.8419
C12,sub,3,481,218,263,3,3,3,3,,1,1,0.4532,1.2064
C12,sub,3,894,582,312,3,3,3,3,,0,0,0.651,0.5361
C12,add,4,2444,6626,9070,4,4,4,4,2,,,0.3688,0.3688
C12,sub,4,1629,1038,591,4,4,3,4,,1,1,0.6372,0.5694
C12,add,3,456,547,1003,3,3,4,3,3,,,0.8336,0.8336
C12,add,2,97,73,170,2,2,3,2,2,,,0.7526,1.3288
C12,add,3,800,550,1350,3,3,4,3,1,,,0.6875,1.4545
C12,add,3,357,942,1299,3,3,4,3,1,,,0.379,0.379
C12,add,2,33,52,85,2,2,2,2,0,,,0.6346,0.6346
C12,sub,3,798,633,165,3,3,3,3,,0,0,0.7932,0.2607
C12,add,3,843,336,1179,3,3,4,3,1,,,0.3986,2.5089
C12,add,3,263,307,570,3,3,3,3,1,,,0.8567,0.8567
C12,add,2,99,10,109,2,2,3,2,1,,,0.101,9.9
C12,add,3,102,478,580,3,3,3,3,1,,,0.2134,0.2134
C12,sub,3,289,181,108,3,3,3,3,,0,0,0.6263,0.5967
C12,sub,2,97,62,35,2,2,2,2,,0,0,0.6392,0.5645
C12,sub,2,85,48,37,2,2,2,2,,1,1,0.5647,0.7708
C12,sub,3,262,228,34,3,3,2,3,,1,1,0.8702,0.1491
C12,sub,4,8470,5462,3008,4,4,4,4,,1,1,0.6449,0.5507
C12,sub,3,696,386,310,3,3,3,3,,0,0,0.5546,0.8031
C12,add,2,18,96,114,2,2,3,2,2,,,0.1875,0.1875
C12,add,2,36,59,95,2,2,2,2,1,,,0.6102,0.6102
C12,sub,2,31,16,15,2,2,2,2,,1,1,0.5161,0.9375
C12,sub,4,5547,4665,882,4,4,3,4,,2,2,0.841,0.1891
C12,sub,4,9044,4463,4581,4,4,4,4,,2,2,0.4935,1.0264
C12,sub,3,720,130,590,3,3,3,3,,1,1,0.1806,4.5385
C12,add,4,1784,4149,5933,4,4,4,4,2,,,0.43,0.43
C12,add,3,176,113,289,3,3,3,3,0,,,0.642,1.5575
C12,add,4,2697,5366,8063,4,4,4,4,3,,,0.5026,0.5026
C12,add,3,411,642,1053,3,3,4,3,1,,,0.6402,0.6402
C12,sub,2,56,46,10,2,2,2,2,,0,0,0.8214,0.2174
C12,sub,2,58,39,19,2,2,2,2,,1,1,0.6724,0.4872
C12,add,2,31,77,108,2,2,3,2,1,,,0.4026,0.4026
C12,sub,3,909,213,696,3,3,3,3,,1,1,0.2343,3.2676
C12,add,4,4332,4837,9169,4,4,4,4,1,,,0.8956,0.8956
C12,add,2,46,42,88,2,2,2,2,0,,,0.913,1.0952
C12,add,2,90,63,153,2,2,3,2,1,,,0.7,1.4286
C12,sub,3,983,647,336,3,3,3,3,,1,1,0.6582,0.5193
C12,add,2,40,64,104,2,2,3,2,1,,,0.625,0.625
C12,sub,3,814,211,603,3,3,3,3,,0,0,0.2592,2.8578
C12,sub,2,48,13,35,2,2,2,2,,0,0,0.2708,2.6923
C12,sub,3,549,255,294,3,3,3,3,,1,1,0.4645,1.1529
C12,sub,3,906,641,265,3,3,3,3,,1,1,0.7075,0.4134
C12,add,2,10,91,101,2,2,3,2,1,,,0.1099,0.1099
C12,sub,4,8406,5672,2734,4,4,4,4,,2,2,0.6748,0.482
C12,sub,2,77,51,26,2,2,2,2,,0,0,0.6623,0.5098
C12,add,2,93,51,144,2,2,3,2,1,,,0.5484,1.8235
C12,sub,3,985,599,386,3,3,3,3,,2,2,0.6081,0.6444
C12,sub,3,736,598,138,3,3,3,3,,2,2,0.8125,0.2308
C12,sub,4,6322,4386,1936,4,4,4,4,,3,3,0.6938,0.4414
C12,add,3,713,702,1415,3,3,4,3,1,,,0.9846,1.0157
C12,sub,4,7509,1359,6150,4,4,4,4,,1,1,0.181,4.5254
C12,add,2,74,99,173,2,2,3,2,2,,,0.7475,0.7475
C12,add,2,80,12,92,2,2,2,2,0,,,0.15,6.6667
C12,add,2,47,70,117,2,2,3,2,1,,,0.6714,0.6714
C12,sub,4,8017,4453,3564,4,4,4,4,,2,2,0.5554,0.8004
C12,add,2,17,51,68,2,2,2,2,0,,,0.3333,0.3333
C12,sub,3,490,370,120,3,3,3,3,,0,0,0.7551,0.3243
C12,add,3,305,966,1271,3,3,4,3,2,,,0.3157,0.3157
C12,add,3,939,466,1405,3,3,4,3,3,,,0.4963,2.015
C12,add,3,574,400,974,3,3,3,3,0,,,0.6969,1.435
C12,add,3,923,299,1222,3,3,4,3,3,,,0.3239,3.087
C12,sub,3,896,676,220,3,3,3,3,,0,0,0.7545,0.3254
C12,add,2,36,27,63,2,2,2,2,1,,,0.75,1.3333
C12,sub,2,87,36,51,2,2,2,2,,0,0,0.4138,1.4167
C12,sub,3,721,611,110,3,3,3,3,,0,0,0.8474,0.18
C12,add,3,355,256,611,3,3,3,3,2,,,0.7211,1.3867
C12,sub,2,91,41,50,2,2,2,2,,0,0,0.4505,1.2195
C12,add,3,790,861,1651,3,3,4,3,2,,,0.9175,0.9175
C12,sub,2,84,29,55,2,2,2,2,,1,1,0.3452,1.8966
C12,sub,2,38,24,14,2,2,2,2,,0,0,0.6316,0.5833
C12,sub,2,85,54,31,2,2,2,2,,0,0,0.6353,0.5741
C12,sub,2,99,57,42,2,2,2,2,,0,0,0.5758,0.7368
C12,add,2,82,95,177,2,2,3,2,1,,,0.8632,0.8632
C12,sub,2,97,10,87,2,2,2,2,,0,0,0.1031,8.7
C12,add,4,2316,1707,4023,4,4,4,4,2,,,0.737,1.3568
C12,add,2,23,15,38,2,2,2,2,0,,,0.6522,1.5333
C12,add,2,31,85,116,2,2,3,2,1,,,0.3647,0.3647
C12,sub,3,909,844,65,3,3,2,3,,1,1,0.9285,0.077
C12,sub,2,72,36,36,2,2,2,2,,1,1,0.5,1.0
C12,sub,3,618,451,167,3,3,3,3,,1,1,0.7298,0.3703
C12,sub,3,623,468,155,3,3,3,3,,2,2,0.7512,0.3312
C12,sub,2,44,28,16,2,2,2,2,,1,1,0.6364,0.5714
C12,add,2,22,81,103,2,2,3,2,1,,,0.2716,0.2716
C12,sub,3,946,578,368,3,3,3,3,,2,2,0.611,0.6367
C12,sub,2,65,46,19,2,2,2,2,,1,1,0.7077,0.413
C12,sub,2,98,43,55,2,2,2,2,,0,0,0.4388,1.2791
C12,sub,4,6706,1506,5200,4,4,4,4,,0,0,0.2246,3.4529
C12,sub,4,8516,7793,723,4,4,3,4,,2,2,0.9151,0.0928
C12,sub,4,7207,6081,1126,4,4,4,4,,1,1,0.8438,0.1852
C12,sub,4,6017,4969,1048,4,4,4,4,,3,3,0.8258,0.2109
C12,add,4,2002,6486,8488,4,4,4,4,0,,,0.3087,0.3087
C12,add,4,4792,3747,8539,4,4,4,4,2,,,0.7819,1.2789
C12,sub,4,4873,2806,2067,4,4,4,4,,1,1,0.5758,0.7366
C12,add,3,764,496,1260,3,3,4,3,3,,,0.6492,1.5403
C12,add,4,3288,2138,5426,4,4,4,4,2,,,0.6502,1.5379
C12,sub,4,6323,4742,1581,4,4,4,4,,2,2,0.75,0.3334
C12,sub,3,615,124,491,3,3,3,3,,1,1,0.2016,3.9597
C12,add,2,92,87,179,2,2,3,2,1,,,0.9457,1.0575
C12,sub,3,845,579,266,3,3,3,3,,2,2,0.6852,0.4594
C12,sub,3,565,354,211,3,3,3,3,,0,0,0.6265,0.596
C12,sub,2,84,49,35,2,2,2,2,,1,1,0.5833,0.7143
C12,add,3,279,667,946,3,3,3,3,2,,,0.4183,0.4183
C12,add,3,554,492,1046,3,3,4,3,2,,,0.8881,1.126
C12,add,3,771,393,1164,3,3,4,3,2,,,0.5097,1.9618
C12,sub,2,61,22,39,2,2,2,2,,1,1,0.3607,1.7727
C12,add,2,41,40,81,2,2,2,2,0,,,0.9756,1.025
C12,add,2,41,44,85,2,2,2,2,0,,,0.9318,0.9318
C12,add,2,54,22,76,2,2,2,2,0,,,0.4074,2.4545
C12,sub,3,668,498,170,3,3,3,3,,1,1,0.7455,0.3414
C12,add,3,410,675,1085,3,3,4,3,1,,,0.6074,0.6074
C12,sub,4,3335,1871,1464,4,4,4,4,,2,2,0.561,0.7825
C12,sub,4,5936,2145,3791,4,4,4,4,,1,1,0.3614,1.7674
C12,add,4,1842,3868,5710,4,4,4,4,3,,,0.4762,0.4762
C12,add,2,49,40,89,2,2,2,2,0,,,0.8163,1.225
C12,sub,2,46,36,10,2,2,2,2,,0,0,0.7826,0.2778
C12,add,2,44,54,98,2,2,2,2,0,,,0.8148,0.8148
C12,sub,4,6493,1424,5069,4,4,4,4,,1,1,0.2193,3.5597
C12,sub,3,838,775,63,3,3,2,3,,1,1,0.9248,0.0813
C12,add,3,698,721,1419,3,3,4,3,2,,,0.9681,0.9681
C12,sub,4,8279,6507,1772,4,4,4,4,,1,1,0.786,0.2723
C12,add,3,243,998,1241,3,3,4,3,3,,,0.2435,0.2435
C12,sub,4,9834,7297,2537,4,4,4,4,,2,2,0.742,0.3477
C12,sub,4,5180,4952,228,4,4,3,4,,2,2,0.956,0.046
C12,add,2,68,91,159,2,2,3,2,1,,,0.7473,0.7473
C12,add,2,66,25,91,2,2,2,2,1,,,0.3788,2.64
C12,sub,3,512,111,401,3,3,3,3,,0,0,0.2168,3.6126
C12,sub,2,44,33,11,2,2,2,2,,0,0,0.75,0.3333
C12,sub,4,5854,2800,3054,4,4,4,4,,0,0,0.4783,1.0907
C12,sub,2,85,42,43,2,2,2,2,,0,0,0.4941,1.0238
C12,sub,2,88,20,68,2,2,2,2,,0,0,0.2273,3.4
C12,sub,4,5086,1671,3415,4,4,4,4,,1,1,0.3285,2.0437
C12,sub,2,86,69,17,2,2,2,2,,1,1,0.8023,0.2464
C12,add,3,993,293,1286,3,3,4,3,2,,,0.2951,3.3891
C12,add,2,52,45,97,2,2,2,2,0,,,0.8654,1.1556
C12,sub,3,869,774,95,3,3,2,3,,1,1,0.8907,0.1227
C12,sub,4,6956,1197,5759,4,4,4,4,,2,2,0.1721,4.8112
C12,add,4,7778,1650,9428,4,4,4,4,2,,,0.2121,4.7139
C12,add,2,63,64,127,2,2,3,2,1,,,0.9844,0.9844
C12,add,2,31,23,54,2,2,2,2,0,,,0.7419,1.3478
C12,sub,2,94,67,27,2,2,2,2,,1,1,0.7128,0.403
C12,sub,3,665,268,397,3,3,3,3,,2,2,0.403,1.4813
C12,sub,4,9364,2603,6761,4,4,4,4,,1,1,0.278,2.5974
C12,add,3,753,607,1360,3,3,4,3,2,,,0.8061,1.2405
C12,sub,3,783,600,183,3,3,3,3,,0,0,0.7663,0.305
C12,sub,4,7824,2782,5042,4,4,4,4,,1,1,0.3556,1.8124
C12,add,3,214,548,762,3,3,3,3,1,,,0.3905,0.3905
C12,sub,2,58,25,33,2,2,2,2,,0,0,0.431,1.32
C12,add,3,425,210,635,3,3,3,3,0,,,0.4941,2.0238
C12,sub,4,6280,5535,745,4,4,3,4,,2,2,0.8814,0.1346
C12,add,3,732,459,1191,3,3,4,3,2,,,0.627,1.5948
C12,sub,3,877,255,622,3,3,3,3,,0,0,0.2908,2.4392
C12,sub,2,90,23,67,2,2,2,2,,1,1,0.2556,2.913
C12,add,3,806,637,1443,3,3,4,3,2,,,0.7903,1.2653
C12,add,2,47,36,83,2,2,2,2,1,,,0.766,1.3056
C12,sub,4,8177,6218,1959,4,4,4,4,,2,2,0.7604,0.3151
C12,sub,4,9826,3330,6496,4,4,4,4,,1,1,0.3389,1.9508
C12,sub,4,7920,6096,1824,4,4,4,4,,2,2,0.7697,0.2992
C12,add,2,84,43,127,2,2,3,2,1,,,0.5119,1.9535
C12,sub,4,8284,7118,1166,4,4,4,4,,1,1,0.8592,0.1638
C12,sub,3,532,205,327,3,3,3,3,,1,1,0.3853,1.5951
C12,add,3,384,166,550,3,3,3,3,2,,,0.4323,2.3133
C12,add,2,16,89,105,2,2,3,2,2,,,0.1798,0.1798
C12,add,2,26,84,110,2,2,3,2,2,,,0.3095,0.3095
C12,sub,4,9216,1197,8019,4,4,4,4,,2,2,0.1299,6.6992
C12,sub,4,2827,1586,1241,4,4,4,4,,1,1,0.561,0.7825
C12,sub,4,7869,1727,6142,4,4,4,4,,0,0,0.2195,3.5565
C12,sub,4,6642,5140,1502,4,4,4,4,,0,0,0.7739,0.2922
C12,add,3,835,562,1397,3,3,4,3,1,,,0.6731,1.4858
C12,add,2,51,61,112,2,2,3,2,1,,,0.8361,0.8361
C12,sub,3,503,371,132,3,3,3,3,,1,1,0.7376,0.3558
C12,sub,4,7620,1397,6223,4,4,4,4,,2,2,0.1833,4.4545
C12,sub,4,9622,3143,6479,4,4,4,4,,2,2,0.3266,2.0614
C12,sub,2,35,10,25,2,2,2,2,,0,0,0.2857,2.5
C12,sub,3,931,917,14,3,3,2,3,,1,1,0.985,0.0153
C12,add,4,6616,1815,8431,4,4,4,4,2,,,0.2743,3.6452
C12,sub,4,7008,2814,4194,4,4,4,4,,2,2,0.4015,1.4904
C12,add,2,44,91,135,2,2,3,2,1,,,0.4835,0.4835
C12,add,3,523,568,1091,3,3,4,3,2,,,0.9208,0.9208
C12,add,3,889,989,1878,3,3,4,3,3,,,0.8989,0.8989
C12,add,3,733,638,1371,3,3,4,3,2,,,0.8704,1.1489
C12,sub,3,237,210,27,3,3,2,3,,0,0,0.8861,0.1286
C12,sub,3,467,231,236,3,3,3,3,,0,0,0.4946,1.0216
C12,sub,3,917,887,30,3,3,2,3,,1,1,0.9673,0.0338
C12,sub,4,8409,3222,5187,4,4,4,4,,1,1,0.3832,1.6099
C12,add,3,518,868,1386,3,3,4,3,2,,,0.5968,0.5968
C12,add,2,32,74,106,2,2,3,2,1,,,0.4324,0.4324
C12,add,3,388,452,840,3,3,3,3,2,,,0.8584,0.8584
C12,add,2,59,70,129,2,2,3,2,1,,,0.8429,0.8429
C12,sub,4,6485,1763,4722,4,4,4,4,,1,1,0.2719,2.6784
C12,sub,3,508,449,59,3,3,2,3,,2,2,0.8839,0.1314
C12,add,2,60,36,96,2,2,2,2,0,,,0.6,1.6667
C12,add,4,2845,6272,9117,4,4,4,4,2,,,0.4536,0.4536
C12,sub,4,5049,1366,3683,4,4,4,4,,2,2,0.2705,2.6962
C12,sub,2,77,56,21,2,2,2,2,,0,0,0.7273,0.375
C12,add,4,4714,4350,9064,4,4,4,4,1,,,0.9228,1.0837
C12,add,3,103,583,686,3,3,3,3,0,,,0.1767,0.1767
C12,add,4,1002,1250,2252,4,4,4,4,0,,,0.8016,0.8016
C12,sub,4,9759,6804,2955,4,4,4,4,,1,1,0.6972,0.4343
C12,add,3,482,674,1156,3,3,4,3,2,,,0.7151,0.7151
C12,sub,4,9091,7577,1514,4,4,4,4,,2,2,0.8335,0.1998
C12,sub,3,845,461,384,3,3,3,3,,1,1,0.5456,0.833
C12,add,3,746,874,1620,3,3,4,3,3,,,0.8535,0.8535
C12,add,3,608,258,866,3,3,3,3,1,,,0.4243,2.3566
C12,add,3,234,850,1084,3,3,4,3,1,,,0.2753,0.2753
C12,add,3,462,787,1249,3,3,4,3,2,,,0.587,0.587
C12,add,2,89,32,121,2,2,3,2,2,,,0.3596,2.7812
C12,sub,3,345,186,159,3,3,3,3,,2,2,0.5391,0.8548
C12,sub,3,320,108,212,3,3,3,3,,1,1,0.3375,1.963
C12,add,2,18,66,84,2,2,2,2,1,,,0.2727,0.2727
C12,add,3,774,577,1351,3,3,4,3,3,,,0.7455,1.3414
C12,sub,2,92,71,21,2,2,2,2,,0,0,0.7717,0.2958
C12,add,4,6122,2582,8704,4,4,4,4,1,,,0.4218,2.371
C12,add,3,130,860,990,3,3,3,3,0,,,0.1512,0.1512
C12,add,4,2267,6646,8913,4,4,4,4,2,,,0.3411,0.3411
C12,sub,4,7516,1470,6046,4,4,4,4,,1,1,0.1956,4.1129
C12,add,2,24,40,64,2,2,2,2,0,,,0.6,0.6
C12,add,2,89,19,108,2,2,3,2,2,,,0.2135,4.6842
C12,add,3,960,900,1860,3,3,4,3,1,,,0.9375,1.0667
C12,sub,3,697,209,488,3,3,3,3,,1,1,0.2999,2.3349
C12,add,2,44,78,122,2,2,3,2,2,,,0.5641,0.5641
C12,sub,3,861,726,135,3,3,3,3,,1,1,0.8432,0.186
C12,sub,3,583,355,228,3,3,3,3,,1,1,0.6089,0.6423
C12,sub,2,76,62,14,2,2,2,2,,0,0,0.8158,0.2258
C12,sub,3,815,326,489,3,3,3,3,,2,2,0.4,1.5
C12,sub,4,8332,7195,1137,4,4,4,4,,2,2,0.8635,0.158
C12,add,4,7776,2144,9920,4,4,4,4,2,,,0.2757,3.6269
C12,sub,4,8968,5974,2994,4,4,4,4,,2,2,0.6661,0.5012
C12,add,3,516,689,1205,3,3,4,3,3,,,0.7489,0.7489
C12,sub,4,2599,1779,820,4,4,3,4,,1,1,0.6845,0.4609
C12,add,3,102,657,759,3,3,3,3,0,,,0.1553,0.1553
C12,sub,2,96,14,82,2,2,2,2,,0,0,0.1458,5.8571
C12,add,3,145,850,995,3,3,3,3,0,,,0.1706,0.1706
C12,sub,2,90,32,58,2,2,2,2,,1,1,0.3556,1.8125
C12,add,4,4434,3121,7555,4,4,4,4,0,,,0.7039,1.4207
C12,sub,3,530,150,380,3,3,3,3,,1,1,0.283,2.5333
C12,add,4,3795,1843,5638,4,4,4,4,2,,,0.4856,2.0591
C12,add,2,63,17,80,2,2,2,2,1,,,0.2698,3.7059
C12,add,3,437,205,642,3,3,3,3,1,,,0.4691,2.1317
